verse|start|end|sentence
1|495684|689724|Эхэнд Бурхан тэнгэр ба газрыг бүтээжээ.
2|737660|1257687|Газар нь хэлбэржээгүй, хоосон төдийгүй оёоргүй гүний гадаргууд харанхуй бүрхэж, Бурханы Сүнс усны мандал дээгүүр элин хальж байлаа.
3|1337773|1688368|Тэгэхэд Бурхан —Гэрэл бий болтугай! гэж айлдсанд гэрэл бий болов.
4|1773790|2042094|Гэрэл сайн болсныг Бурхан харж, Бурхан гэрлийг харанхуйгаас салгажээ.
5.1|2110052|2352823|Бурхан гэрлийг өдөр гэж нэрлээд, харанхуйг шөнө гэж нэрлэлээ.
5.2|2412622|2610411|Ийн үдэш болоод, өглөө болсон нь анхны өдөр.
6|2673606|3080781|Бурхан —Усны дундуур огторгуй байж, ийнхүү усыг уснаас салгатугай! гэж айлдав.
7|3127131|3546213|Бурхан ингэж огторгуйг бий болгоод, огторгуйн дээрх уснаас огторгуйн доорх усыг салгасанд ёсоор болов.
8.1|3605219|3747177|Бурхан огторгуйг тэнгэр гэж нэрлэжээ.
8.2|3795157|3954579|Үдэш болоод, өглөө болсон нь хоёр дахь өдөр.
9|4027079|4446426|Бурхан —Тэнгэрийн доорх ус нэг дор хуримтлагдаж, ийн хуурай газар ил гартугай! гэсэнд ёсоор болжээ.
10.1|4493304|4744101|Бурхан хуурайг нь газар, хуримтлагдсан усыг нь далай гэж нэрлэв.
10.2|4799447|4909873|Эдгээр нь сайн болсныг Бурхан харлаа.
11|4928130|5603434|Ингээд Бурхан — Газар нь ургамал ногоог буюу үрлэгч өвс ногоо, доторх үрээ газарт гөвдөг үр жимст модыг төрөл төрлөөр нь ургуултугай! гэж айлдсанд ёсоор болжээ.
12.1|5684710|6100220|Газар нь ийнхүү ургамал ногоог буюу үрлэгч өвс ногоо, доторх үрээ газарт гөвдөг үр жимст модыг төрөл төрлөөр нь гаргав.
12.2|6119712|6267888|Эдгээр нь сайн болсныг Бурхан харлаа.
13|6308505|6499458|Үдэш болоод, өглөө болсон нь гурав дахь өдөр.
14.1|6546733|6894682|Тэгээд Бурхан —Өдрийг шөнөөс салгахын тулд тэнгэр огторгуйд гэрэлтүүлэгчид байх болтугай!
14.2|6916555|7135335|Эдгээр нь тэмдэг, улирал, өдөр, жилийн тулд байг.
15|7199854|7567471|Тэнгэр огторгуйд гэрэлтүүлэгчид байж газар дэлхийг гийгүүлэг! гэж айлдсанд ёсоор болжээ.
16|7619686|8200791|Бурхан өдрийг захируулахаар нэг томхон гэрэлтүүлэгч, шөнийг захируулахаар арай багавтар гэрэлтүүлэгч, ийм хоёр том гэрэлтүүлэгчийг мөн оддыг бий болгов.
17|8245553|8753409|Бурхан тэдгээрээр газар дэлхийг гэрэлтүүлэхээр тэнгэр огторгуйд тавьсан нь өдөр, шөнө хоёрыг захируулах бас гэрлийг харанхуйгаас салгахын тулд ажгуу.
18.2|8784984|8935674|Эдгээр нь сайн болсныг Бурхан харлаа.
19|9001030|9152425|Үдэш болоод, өглөө болсон нь дөрөв дэх өдөр.
20|9177210|9766915|Бурхан —Шунган шумбагч амьд биетээр уснууд цалгилтугай, бас шувууд газар дэлхий дээгүүр, тэнгэр огторгуйн мандалд нистүгэй! гэж айлдав.
21.1|9823054|10374260|Ийнхүү Бурхан далай тэнгисийн аварга том амьтад ба уснаа шунган шумбагч амьд биетийг төрөл төрлөөр нь бас аливаа жигүүртэн шувуудыг төрөл төрлөөр нь бүтээв.
21.2|10419110|10574077|Эдгээр нь сайн болсныг Бурхан харлаа.
22|10647989|11132559|Бурхан тэднийг ерөөн —Үржиж, олширцгоог! Далай тэнгисийн усанд дүүрцгээг! Шувууд ч газар дэлхийд олширцгоог! хэмээв.
23|11168104|11336831|Үдэш болоод, өглөө болсон нь тав дахь өдөр.
24|11371537|12023203|Бурхан —Газар дэлхий амьд биетийг төрөл төрлөөр нь буюу мал адгуус, мөлхөгчид, газрын зэрлэг амьтдыг төрөл төрлөөр нь гаргатугай! гэж айлдсанд ёсоор болжээ.
25.1|12120135|12582567|Бурхан ийнхүү газрын зэрлэг амьтдыг төрөл төрлөөр нь, мал адгуусыг төрөл төрлөөр нь, газраар мөлхөгч бүгдийг төрөл төрлөөр нь бий болгов.
25.2|12622213|12801127|Эдгээр нь сайн болсныг Бурхан харлаа.
26.1|12841831|13130069|Тэгээд Бурхан —Бид дүр төрхийнхөө дагуу бидэнтэй адилхан хүнийг буй болгоё.
26.2|13157279|13665708|Тэгээд тэднээр далайн загас, огторгуйн шувууд, мал адгуус, бүх газар дэлхий, газраар мөлхдөг мөлхөгч бүгдийгд захируулъя гэж айлдав.
27|13706853|14095109|Ийнхүү Бурхан Өөрийнхөө дүр төрхөөр хүнийг бүтээж, Бурханы дүр төрхөөр бүтээхдээ эр эмээр нь бүтээжээ.
28|14159980|14828845|Бурхан тэднийг ерөөж —Үржиж, олширцгоог! Газар дэлхийг дүүргэж, түүнийг эзэмшицгээг! Далайн загас, огторгуйн шувууд хийгээд газар дээр хөлхөгч амьтан бүхнийг захирцгааг! гэв.
29.1|14859671|15311564|Бурхан —Үзэгтүн, газрын гадарга дээрх үрт өвс ногоо бүрийг, үрээ гөвдөг үр жимст мод бүгдийг Би та нарт өгнө.
29.2|15343227|15455153|Тэр бүхэн та нарын хоол хүнс болно.
30|15494446|16067305|Газар дэлхийн зэрлэг амьтан бүхэнд, огторгуйн шувуу бүхэнд, газраар мөлхөгч бүхэнд, амьтай амьсгалтай бүхэнд өвс ногоо бүгдийг хоол хүнс болгож өгье гэсэнд ёсоор болжээ.
31.1|16138086|16374153|Өөрийнх нь буй болгосон бүгд нэн сайн болсныг Бурхан харлаа.
31.2|16459266|16641487|Үдэш болоод, өглөө болсон нь зургаа дахь өдөр.
