verse|start|end|sentence
1|343671|907798|ЭЗЭН, Ноад —Энэ үеийнхний дотроос чи Миний өмнө зөвт байгааг Би харсан учраас чи болон чиний бүх гэр бүлийнхэн энэ бүхээгт ор.
2|956881|1418697|Чи бүх цэвэр амьтны төрөл бүрээс долоо долоог эр эмээр нь, бузар амьтны төрөл бүрээс хоёр хоёрыг эр эмээр нь өөртөө ав.
3|1491285|2000861|Бас газар дэлхий даяар үр удмыг нь амьд үлдээхийн тулд тэнгэр огторгуйн жигүүртэн шувуудын төрөл бүрээс долоо долоог эр эмээр нь ав.
4|2036229|2645382|Одоогоос долоо хоногийн дараа Би дөчин өдөр, дөчин шөнийн турш бороо оруулж, өөрийнхөө бүтээсэн амьтай бүхнийг газрын хөрснөөс арчина гэв.
5|2705667|2902926|Ноа өөрт нь ЭЗЭНий тушаасан ёсоор бүхнийг хийжээ.
6|2951260|3147064|Дэлхий дээр үер болоход Ноа зургаан зуун настай байлаа.
7|3191076|3508596|Ноа хөвгүүд, эхнэр, бэрүүдтэйгээ хамт үерийн усны улмаас бүхээгтээ оржээ.
8-9|3564999|4113736|Цэвэр амьтад, бузар амьтад, шувууд болон газраар мөлхөгч бүхэн Бурханы тушаасан ёсоор эр эм, хос хосоороо Ноад очиж, бүхээгт нь оржээ.
10|4153955|4399504|Тэгээд долоо хоногийн дараа дэлхийд үерийн ус буув.
11|4464948|5157539|Ноагийн амьдралын зургаан зуу дахь жилийн хоёр дахь сард, уг сарын арван долооны өдөр их оёоргүй гүний бүх булаг садран оргилж, тэнгэрийн усны хаалт нээгджээ.
12|5199257|5458389|Дөчин өдөр, дөчин шөнийн турш дэлхий дээр бороо асгарав.
13|5534505|5937094|Яг тэр өдөртөө Ноа, түүний хөвгүүд Шем, Хам, Иафет, Ноагийн эхнэр болон гурван бэр нь бүхээгтээ оров.
14-15|5987104|6809040|Мөн тэд болон бүх араатан амьтад төрөл төрлөөрөө, бүх мал адгуус төрөл төрлөөрөө, бүх газраар мөлхөгч төрөл төрлөөрөө, бүх жигүүртэн шувууд төрөл төрлөөрөө, амин амьсгаатай бие махбодтой бүхэн хос хосоороо Ноад очиж, бүхээгт нь оржээ.
16.1|6863150|7038007|Орсон болгон нь бие махбодтой бүхний эр эмүүд байв.
16.2|7068259|7394026|Ноад Бурханы тушаасан ёсоор тэднийг бүхээгт орсонд ЭЗЭН араас нь хаажээ.
17|7475170|7776549|Газар дэлхий дээр дөчин хоног үер бууж, ус нэмэгдэхэд бүхээг газраас дээш хөвөн гарч ирэв.
18|7826735|8090189|Ус улам ихсэн газар дээгүүр бялхан хальж, бүхээг усны мандал дээр хөвлөө.
19|8115458|8477916|Газар дэлхий дээрх ус улам хүчтэй хальж, тэнгэрийн доорх өндөр уулс бүгд усаар бүрхэгджээ.
20|8554782|8794201|Ус арван таван тохой дээш өргөгдөж, уулс усаар бүрхэгдлээ.
21|8849767|9446484|Газар дэлхий дээр хөдлөгч хамаг бие махбодтон буюу жигүүртэн шувуу, мал адгуус, ан араатан, газраар мөлхөгч бүхэн хийгээд бүх хүн төрөлхтөн үхжээ.
22|9545048|9774632|Хуурай газар дээр байдаг, хамартаа амин амьсгаатай бүхэн үхэв.
23.1|9836769|10672905|Ингээд Тэрээр хүн төрөлхтнөөс авахуулаад араатан амьтад, газраар мөлхөгч, тэнгэр огторгуйн жигүүртэн шувуудыг хүртэл газар дээрх хамаг амьтныг арчин зайлуулсан бөгөөд тэд бүгд газрын хөрснөөс арчигджээ.
23.2|10718769|10979003|Гагцхүү Ноа болон түүнтэй хамт бүхээгт байгсад л үлджээ.
24|11032144|11312223|Ус зуун тавин хоногийн турш дэлхий дээр хальж байв.
