verse|start|end|sentence
1.1|386977|670099|Ноагийн хөвгүүд болох Шем, Хам, Иафет нарын уг угсаа ийм билээ.
1.2|702116|807426|Үерээс хойш тэд хөвгүүд төрүүлэв.
2-3|864536|1369260|Иафетын хөвгүүд нь Гомер, Магог, Мадаи, Иаван, Тубал, Мешех, Тирас нар, Гомерын хөвгүүд нь Ашкеназ, Рифат, Тогарма нар билээ.
4|1422225|1622350|Иаваны хөвгүүд нь Елиша, Таршиш, Киттим, Роданим нар юм.
5|1654632|2051708|Тэд өөр өөрсдийн хэл яриа, ургуудаараа мөн улс үндэстнээрээ далайн эрэг орчмын газар нутгаар тус тусдаа оршин суужээ.
6|2129015|2319439|Хамын хөвгүүд нь Куш, Мизраим, Пут, Канаан нар юм.
7.1|2364553|2610543|Кушийн хөвгүүд нь Себа, Хавила, Сабта, Раама, Сабтека нар юм.
7.2|2638547|2760660|Раамагийн хөвгүүд нь Шеба, Дедан нар юм.
8|2796292|3043252|Куш нь Нимродыг төрүүлсэн бөгөөд тэр нь газар дэлхий дээрх хүчирхэг нэгэн болжээ.
9.1|3089778|3216213|Тэрээр ЭЗЭНий өмнө чадалтай анчин байв.
9.2|3231780|3465069|Тиймээс “ЭЗЭНий өмнө чадалтай анчин Нимрод шиг” гэсэн яриа бий болжээ.
10|3492896|3780252|Түүний хаанчлал нь Шинарын газар нутаг дахь Бабел, Ерех, Аккад, Калнегаас эхэлжээ.
11-12|3805256|4281889|Тэрээр тэр нутгаасаа Ассирид хүрч очоод, Ниневе, Рехобот-Ир, Кала мөн Ниневе Кала хоёрын хоорондох Ресен хэмээх их хотыг байгуулжээ.
13-14.1|4342394|4654358|Мизраимаас луд, анам, лехаб, нафтух, патрус, каслу, кафторчууд гарсан юм.
14.2|4680465|4779690|Тэднээс филистчүүд гарчээ.
15-18.1|4840548|5372526|Канаан нь ууган хүү Сидон болон Хитийг төрүүлээд мөн иебус, амори, гиргаш, хиви, арки, сини, арвад, земар ба хаматчуудыг төрүүлжээ.
18.2|5413407|5580458|Түүний дараа Канааны ургууд өргөнөөр тархав.
19|5655648|6167958|Канааны хил хязгаар Сидоноос эхлээд, Герарыг дайран Газ хүртэл бас Содом, Гоморра, Адма, Зебойимыг өнгөрч, Лаша хүртэл үргэлжилж байжээ.
20|6215013|6554053|Тэдгээр нь ураг, хэл аялгуу, газар нутаг болон үндэс угсаагаараа Хамын үр удмынхан болой.
21|6620424|6913953|Иафетын ах Шем нь Еберийн бүх үр удмын өвөг агаад түүнд мөн хүүхдүүд төржээ.
22|6956466|7188079|Шемийн хөвгүүд нь Елам, Ашур, Арпахшад, Луд, Арам нар билээ.
23|7209820|7393100|Арамын хөвгүүд нь Уз, Хул, Гетер, Маш нар билээ.
24|7429218|7577658|Арпахшад нь Шелаг, Шела нь Еберийг төрүүлжээ.
25.1|7606191|7936853|Еберт хоёр хөвгүүн төрсөн бөгөөд нэг нь дэлхий хуваагдах тэр үед төрсөн учир түүнд Пелег гэдэг нэр өгчээ.
25.2|7987788|8081633|Түүний дүүгийн нэр нь Иоктан билээ.
26-29|8121896|8758436|Иоктан нь Алмодад, Шелеф, Хазармавет, Иера, Хадорам, Узал, Дикла, Обал, Абимаел, Шеба, Офир, Хавила, Иобаб нарыг төрүүлсэн бөгөөд эд цөм Иоктаны хөвгүүд ажээ.
30|8830804|9101710|Тэдний оршин суух газар нь Мешагаас эхлээд Сефар хүрэх замын зүүн талын уулс болно.
31|9121599|9448160|Тэдгээр нь ураг, хэл аялгуу, газар нутаг болон үндэс угсаагаараа Шемийн үр удмынхан болой.
32.1|9487718|9713157|Тэд уг угсааныхаа дагуу улс үндэстнээрээ Ноагийн ургууд юм.
32.2|9785834|10053080|Үер болсноос хойш эднээс газар дэлхий дээр үндэстнүүд тархжээ.
