verse|start|end|sentence
2|193731|316329|Есав Иаков нар уулзав
3|364001|629439|Иаковыг нүдээ өргөн хартал, Есав дөрвөн зуун хүнийг дагуулан ирж яваа харагдлаа.
4|665072|1261392|Иймээс тэрээр хүүхдүүдээ Леа, Рахел болон хоёр шивэгчиндээ хувааж өгөөд, шивэгчингүүд болон тэдний хүүхдүүдийг өмнө нь, Леаг хүүхдүүдтэй нь хамт дараа нь, Рахел Иосеф хоёрыг хойно нь оруулав.
5|1315944|1613927|Харин Иаков өөрөө тэдний өмнө гарч, долоон удаа газарт мөргөөд, ах Есавдаа дөхөж очив.
6|1656307|1878395|Есав гүйж ирэн түүнийг тэврэн хүзүүдэж үнсээд, хоёулаа уйлалдав.
7|1900004|2095411|Есав хараагаа өргөн, эмэгтэйчүүд, хүүхдүүдийг олж хараад
8|2128177|2299770|—Чамтай хамт яваа энэ хүмүүс юун улс вэ? гэсэнд Иаков
9|2325657|2520403|—Бурханаас таны зарц надад энэрэн нигүүлсэж өгсөн хүүхдүүд гэв.
10|2567987|2770229|Тэгэхэд зарц бүсгүйчүүд нь хүүхдүүдийнхээ хамт хүрч ирээд сөгдөн мөргөв.
11|2801673|2958007|Леа ч бас хүүхдүүдийнхээ хамт хүрч ирээд сөгдөн мөргөв.
12|2984202|3175993|Иосеф дараа нь Рахелтай хамт хүрч ирээд сөгдөн мөргөв.
14|3254800|3729140|—Надтай дайралдсан энэ бүх сүрэг чинь ямар учиртай юм бэ? гэсэнд Иаков —Эзэн таны таалалд багтах гэснийх билээ гэж хэлэв.
15|3762435|4379615|Есав —Дүү минь ээ! Надад байгаа юм хангалттай. Чи өөрийнхөө юмыг өөртөө байлга гэв. Иаков —Үгүй. Хэрэв би таны таалалд багтсан бол энэ бэлгийг гараас минь авна уу?
16|4402282|4688094|Тэгээд ч тантай нүүр тулах нь Бурхантай нүүр тулах мэт ажээ. Та ч намайг таалсан билээ.
17|4732635|5075821|Бурхан надад нигүүлсэнгүй хандсан бөгөөд миний эд хөрөнгө хангалттай учир танд зориулж авчирсан бэлгийг минь хүлээн авна уу?
18|5098312|5267568|гэж хичээнгүйлэн гуйсанд Есав зөвшөөрчээ.
19|5298615|5577547|Тэгээд Есав —Хөдөлцгөөе! Би чиний өмнө явъя гэв. Иаков түүнд
20|5624646|5785875|—Хүүхдүүд минь сул дорой, мал сүрэг маань нялх төлтэй.
21|5816966|6073099|Хэрэв нэг өдөр ширүүн туувал мал сүрэг бүгдээрээ үхнэ гэдгийг эзэн та мэдэх буй заа.
22|6117155|6688911|Эзэн минь та зарц надаас түрүүлээд явна уу? Сеирт эзэн тан дээр хүрч очтол, би өмнөө яваа мал сүрэг, хүүхдүүдийнхээ аясыг тааруулж, аажуу уужуу явъя гэв. Есав
23|6739229|6935915|—Би хамт яваа хүмүүсийнхээ заримыг чамтай үлдээе гэхэд Иаков
24|6965727|7174629|—Яах юм бэ? Эзэн таны тааллыг олбол л боллоо гэв.
25|7200030|7792381|Есав тэр өдөртөө Сеир уруу буцах замдаа гарав. Тэгээд Иаков Суккотод очоод, тэнд өөртөө байшин, малдаа саравч барьсан учир тэр газрыг Суккот гэж нэрлэх болжээ.
27|7997402|8246479|Иаков Паддан-Арамаас Канаан нутгийн Шехем хотод амар тайван хүрч ирээд,
28|8271307|8373796|хотын өмнө талд майхнаа барив.
29|8418513|9088965|Тэрээр майхнаа барьсан тэр талбайн хэсгийг Шехемийн эцэг Хаморын хүүхдүүдийн гараас зуун мөнгөн зоосоор арилжин авч, тэндээ тахилын ширээ босгоод түүнийгээ Ел-Елохе-Израиль гэж нэрлэжээ.
