verse|start|end|sentence
1.1|337144|696691|Бурхан, Ноа болон түүнтэй хамт бүхээгт байсан бүх амьтан хийгээд мал адгуусыг санав.
1.2|751155|965040|Бурхан газар дэлхий дээр салхи салхилуулсанд ус татарчээ.
2|1061222|1390032|Оёоргүй гүний булаг хийгээд тэнгэрийн усны хаалт хаагдаж, тэнгэрээс орж байсан бороо зогслоо.
3|1477746|1747815|Ус газар дэлхийгээс татран татарсаар зуун тавин хоног болоод багасжээ.
4|1841880|2082887|Долдугаар сарын арван долооны өдөр бүхээг Арарат уулан дээр тогтов.
5|2129985|2520447|Ус аравдугаар сар хүртэл татран татарсаар аравдугаар сарын нэгний өдөр уулсын оргил харагдах боллоо.
6-7|2578615|3132158|Дөч хоногийн дараа Ноа бүхээгт хийсэн цонхоо нээж, нэгэн хэрээг гадагш гаргаж тавихад тэр хэрээ газар дэлхийг хуурай болтол нааш цааш ниссээр байлаа.
8|3200336|3486898|Тэрээр газрын хөрснөөс ус татарсан эсэхийг мэдэхийн тулд бас нэгэн тагтааг гарган нисгэжээ.
9.1|3547007|3915286|Гэтэл газрын гадарга бүхлээрээ устай байсан тул тэр тагтаа хөл тавих газар ололгүй, түүн дээр бүхээгтээ буцаж ирэв.
9.2|3951448|4156425|Ноа гараа сунган түүнийг тосож аваад бүхээгтээ оруулжээ.
10|4195321|4455731|Тэрээр бас нэг долоо хоног хүлээгээд нөгөөх тагтаагаа бүхээгнээс дахин гаргалаа.
11.1|4498552|4807076|Тагтаа нь үдэш түүн дээр буцаж ирэхдээ амандаа чидун модны шинэхэн нахиа зуусан байжээ.
11.2|4839269|5007996|Ингээд Ноа газрын ус татарсныг мэдэв.
12|5045701|5424829|Тэгээд бас нэг долоо хоног хүлээгээд мөнөөх тагтааг гаргаж тавьсанд ахин түүн дээр эргэж ирсэнгүй.
13.1|5501210|5901594|Зургаан зуун нэгэн оны эхэн сард буюу нэгдүгээр сарын нэгэнд газрын гадарга дээрх ус татарсан байв.
13.2|5943136|6279002|Тэгээд Ноаг бүхээгнийхээ дээврийг сөхөн харахад газрын гадарга хэдийнэ хуурай болсон байлаа.
14|6357852|6582718|Хоёрдугаар сард буюу уг сарын хорин долоонд газар хатсан байв.
15-16|6621615|6996861|Бурхан, Ноад —Явагтун, эхнэр, хөвгүүд, бэрүүдээ аваад бүхээгнээс гар.
17.1|7039638|7463925|Чи хамт байгаа бие махбодтой бүх амьтан буюу жигүүртэн шувууд, мал адгуус, газраар мөлхөгчид бүгдийг гарга.
17.2|7490693|7810859|Эдгээр амьтад газар дэлхийг дүүргэн үржиг бас газар дэлхийд олшрог! гэв.
18|7861883|8073739|Тэгээд Ноа хөвгүүд, эхнэр, бэрүүдээ аваад гарч иржээ.
19|8121279|8632883|Бүх араатан амьтан, бүх мөлхөгч, бүх жигүүртэн шувуу, газар дэлхий дээрх хөдөлгөөнтэй бүхэн овог овогоороо бүхээгнээс гарчээ.
20|8861454|9335970|ЭЗЭНд зориулан Ноа тахилын ширээ босгож, бүх цэвэр амьтад, бүх цэвэр шувуудаас аваад тахилын ширээн дээр шатаалт тахил өргөв.
21.1|9400708|9929335|Тэгэхэд ЭЗЭН тааламжит үнэрийг таашаан соёрхож, зүрхэндээ айлдахдаа —Би хүн төрөлтнөөс болж газрыг дахин хэзээ ч хараахгүй.
21.2|9944241|10192877|Учир нь хүмүүний зүрхний санаархал бүр багаасаа л ёрын муу байдаг.
21.3|10238961|10445305|Би хамаг амьтныг урьдынх шигээ дахин хэзээ ч устгахгүй.
22|10491566|11084270|Газар дэлхий байсан цагт Тариа тарих ба ургац хураах, Хүйтэн ба халуун, Зун ба өвөл, Өдөр ба шөнө тасралтгүй үргэлжлэх болно гэжээ.
