verse|start|end|sentence
1|316638|470767|Бүх дэлхий нэг хэл, нэг аялгуутай байлаа.
2|497095|755168|Тэд дорно зүг уруу нүүж, Шинарын хөндий тал газрыг олоод тэндээ нутагшин суурьшжээ.
3|781760|1331334|Тэд —За хөдөлцгөөе, тоосго цохиж, түүнийгээ гүйцэд болтол нь шатаацгаая гэж өөр хоорондоо хэлцээд, чулууны оронд тоосго, шаврын оронд барагшин хэрэглэв.
4.1|1349107|1778949|Тэгээд тэд —За хөдөлцгөөе, бүгдээрээ хот болон тэнгэрт тулам оройтой өндөр цамхаг барьж байгуулан нэрээ алдаршуулцгаая.
4.2|1797339|1941326|Эс тэгвээс бид бүх дэлхий дээр тарж бутрах болно гэж хэлэлцжээ.
5|2054442|2309958|ЭЗЭН хүний хөвгүүдийн барьж байгуулсан хот ба цамхгийг үзэхээр бууж иржээ.
6.1|2349118|2845067|ЭЗЭН айлдаж —Хараач, эд нар нэг үндэстэн, цөм нэг хэлтэй агаад энэ бол тэдний хийх юмсын эхлэл нь юм.
6.2|2883919|3121530|Хойшид тэдний хийхээр зорьсон бүхэнд боломжгүй зүйл гэж үгүй болно.
7.1|3149092|3344147|Алив, бууцгаая, тэдний хэлийг тэнд нь хутгалдуулан самууруулъя.
7.2|3372679|3579817|Нэг нь нөгөөгийнхөө үг хэлийг ойлгохгүй болгоё гэв.
8|3615582|3926619|Тэгээд ЭЗЭН, тэднийг тэндээс бүх дэлхийгээр нэг тараасанд тэд хот байгуулахаа зогсоожээ.
9.1|3983332|4332207|ЭЗЭН бүх газар дэлхийн хэлийг хутгалдуулан самууруулсан уг газрыг Бабел гэж нэрлэв.
9.2|4369339|4592574|ЭЗЭН тэднийг тэндээс бүх дэлхий даяар тараасан билээ.
10.1|4787760|4911813|Шемийн уг угсаа ийм билээ.
10.2|4943742|5233435|Шем зуун настайдаа буюу үер болсноос хойш хоёр жилийн дараа Арпахшадыг төрүүлжээ.
11|5254956|5528111|Арпахшадыг төрүүлснээс хойш Шем таван зуун жил амьдарч бас үр хүүхдүүд төрүүлжээ.
12|5583060|5727311|Арпахшад гучин таван настайдаа Шелаг төрүүлэв.
13|5744774|6004700|Шелаг төрүүлснээсээ хойш тэрээр дөрвөн зуун гучин жил амьдарч, үр хүүхдүүдтэй болжээ.
14|6041567|6167164|Шела гучин настайдаа Еберийг төрүүлжээ.
15|6192213|6480450|Еберийг төрүүлснээс хойш тэрээр дөрвөн зуун гурван жил амьдрахдаа мөн л үр хүүхдүүдтэй болжээ.
16|6518817|6654690|Ебер гучин дөрвөн настайдаа Пелегийг төрүүлэв.
17|6674402|6952365|Тэрээр Пелегийг төрүүлснээс хойш дөрвөн зуун гучин жил амьдарч, үр хүүхдүүдтэй болжээ.
18|7006784|7144773|Пелег гучин настайдаа Реуг төрүүлэв.
19|7165720|7423132|Реуг төрүүлснээс хойш тэрээр хоёр зуун есөн жил амьдрахдаа үр хүүхдүүдтэй болжээ.
20|7452723|7593446|Реу гучин хоёр настайдаа Серугийг төрүүлэв.
21|7617834|7865764|Серугийг төрүүлснээс хойш тэрээр хоёр зуун долоон жил амьдарч, үр хүүхдүүдтэй болжээ.
22|7920227|8040444|Серуг гучин настайдаа Нахорыг төрүүлэв.
23|8063640|8301119|Тэрээр Нахорыг төрүүлснээс хойш хоёр зуун жил амьдарч, үр хүүхдүүдтэй болжээ.
24|8333665|8464862|Нахор хорин есөн настайдаа Тераг төрүүлэв.
25|8484046|8749351|Тэрээр Тераг төрүүлснээс хойш зуун арван есөн жил амьдарч, үр хүүхдүүдтэй болжээ.
26|8779383|9050422|Тера дал наслахдаа Абрам, Нахор, Харан гурвын эцэг болсон байжээ.
27.1|9239743|9349464|Терагийн уг угсаа ийм билээ.
27.2|9380025|9633380|Тера нь Абрам, Нахор, Харан гурвыг төрүүлж, Харан нь Лотыг төрүүлжээ.
28|9679950|9900582|Харан нь эцэг Терагаас өмнө өөрийн төрсөн газар Халдеин Урт үхэв.
29.1|9936788|10076938|Тэгээд Абрам, Нахор нар эхнэр авцгаажээ.
29.2|10138854|10379508|Абрамын эхнэр нь Сараи, Нахорын эхнэр нь Хараны охин Милка байв.
29.3|10452582|10578443|Милкагийн болон Искагийн эцэг нь Харан билээ.
30|10616325|10751315|Сараи хүүсэр байсан учир үр хүүхэдгүй байлаа.
31|10816583|11462472|Тера өөрийн хүү Абрам, Хараны хүү, өөрийн ач хүү Лотыг өөрийн бэр, Абрамын эхнэр Сараи нарын хамт авч Халдеин Ураас Канаан нутгийг зорин хөдлөөд, Харанд ирж тэндээ суужээ.
32|11495679|11718781|Тера хоёр зуун тав наслаад, Харанд үхэв.
