verse|start|end|sentence
1|363825|744319|Адам Еватайгаа унтаж, эхнэр нь жирэмслэн Каиныг төрүүлээд —ЭЗЭНий ерөөлөөр би хүүтэй боллоо гэж хэлэв.
2.1|965393|1138662|Тэгээд Абел мал маллаж, Каин газар эдлэх болов.
3|1194757|1409744|Хожим нь Каин газраас авсан үр жимснээсээ ЭЗЭНд өргөл болгон барьжээ.
4.1|1435410|1682326|Абел бас хонин сүргийнхээ анхны төл болон түүнийхээ өөх тосноос өргөжээ.
4.2-5.1|1734717|2088090|ЭЗЭН Абелыг болон түүний өргөлийг ойшоон хүлээж авсан боловч Каиныг болон түүний өргөлийг ойшоосонгүй.
5.2|2123988|2242749|Каин ихэд уурлан, уруу царайлав.
6|2274369|2537690|ЭЗЭН, Каинд —Чи юунд уурлана вэ? Юуны учир уруу царайлна вэ?
7.1|2578791|2731068|Хэрэв чи сайныг үйлдвэл тэргүүнээ өргөх биш үү?
7.2|2755147|3084971|Хэрэв чи сайныг хийхгүй бол гэм нүгэл үүдэн дээр чинь гэтэн, нүгэл хилэнц чамайг хүсэх болно.
7.3|3109976|3226003|Гэвч чи түүнийг дийлэх ёстой.
8.1|3273851|3392392|Каин дүү Абелтайгаа ярьжээ.
8.2|3425114|3686804|Дараа нь хээр талд байхдаа дүү Абел уруугаа дайрч, түүнийг цохиж алав.
9|3716042|4218606|ЭЗЭН —Чиний дүү Абел хаана байна? гэж Каинаас асуухад Каин —Би мэдэхгүй. Би дүүгийнхээ харгалзагч юм уу? гэж хариулав.
10|4234437|4567260|ЭЗЭН —Чи юу хийчихэв ээ? Чиний дүүгийн цус газраас Над өөд хашхирч байна.
11-12.1|4606686|5126625|Газар амаа ангайж, чиний гараас дүүгийн чинь цусыг авсан тул чамд газраас хараал хүрч, чамайг газар хагалахад газар чамд дахин үр жимсээ хайрлахгүй.
12.2|5140692|5309331|Чи газар дэлхийд зайгуул тэнүүлч болно гэв.
13|5405998|5674920|Каин, ЭЗЭНд хандаж —Миний шийтгэл хэрээс минь хэтэрсэн хүнд ажээ.
14.1|5693221|6094090|Та өнөөдөр намайг газрын хөрснөөс зайлуулж байгаа учир би Таны оршихуйгаас далд орж, газар дэлхийд зайгуул тэнүүлч болно.
14.2|6115082|6306564|Надтай уулзсан хэн боловч намайг ална гэжээ.
15|6330687|7013531|ЭЗЭН түүнд —Иймд чамайг алсан хэн боловч долоо дахин илүү хүнд шийтгэл хүлээх болно гэж хэлээд, Каинд тэмдэг тавьж, түүнтэй уулзсан хэн ч түүнийг алахааргүй болгов.
16|7064819|7434951|Каин ЭЗЭНий оршихуйгаас гарч, Едений зүүн талд орших Нод гэдэг газарт нутаглан суух болжээ.
17.1|7631593|7845963|Каин эхнэртэйгээ унтаж, эхнэр нь жирэмслэн Енохыг төрүүлэв.
17.2|7911628|8153472|Каин хот байгуулж, түүнийгээ хүүгийнхээ нэрээр Енох гэж нэрлэлээ.
18|8208597|8608408|Енох Ирадыг төрүүлж, Ирад Мехуиаелыг төрүүлж, Мехуиаел Метушаелыг төрүүлж, Метушаел Ламехыг төрүүлжээ.
19.1|8683113|8775414|Ламех хоёр эхнэр авав.
19.2|8798082|8952608|Нэгийнх нь нэр Ада, нөгөөгийнх нь нэр Зилла.
20|8996355|9275376|Адагийн төрүүлсэн Иабал нь майханд суугч, мал сүрэгтний дээд өвөг болов.
21.1|9322960|9452217|Түүний дүүгийн нэрийг Иубал гэдэг байжээ.
21.2|9475722|9668969|Тэрээр босоо ятгачид ба лимбэчдийн дээд өвөг болов. 
22.1|9741204|9857143|Зилла бас Тубал-каиныг төрүүлжээ.
22.2|9877473|10084214|Тэрээр хүрэл ба төмрөөр янз бүрийн эдлэл хийдэг дархан болжээ.
22.3|10124213|10245223|Тубал-каины охин дүүг нь Наама гэдэг.
23.1|10277857|10712110|Ламех эхнэрүүддээ хандан Ада, Зилла, миний дуу хоолойг сонсоцгоо! Ламехын эхнэрүүд ээ, миний үгийг сонсоцгоо!
23.2|10752329|10905400|Намайг шархдуулсны төлөө би нэгэн хүнийг алчихлаа.
23.3|10935080|11104159|Намайг гэмтээсний төлөө нэгэн залууг алчихлаа.
24|11201311|11680414|Каины төлөө ногдох ял шийтгэл долоо дахин их бол, Ламехын төлөө ногдох ял шийтгэл далан долоо дахин их байх болно гэв.
25.1|11746740|12022056|Адам эхнэртэйгээ дахин унтаад, эхнэр нь хүү төрүүлж түүнийг Сет гэж нэрлэв.
25.2|12086222|12329301|Каины алсан Абелын оронд Бурхан надад өөр нэг үр хайрлалаа гэв.
26.1|12380545|12563560|Сет бас хүүтэй болж, түүнийг Енош гэж нэрлэв.
26.2|12586801|12777225|Тэр цагаас эхлэн хүмүүс ЭЗЭНий нэрийг дуудах болжээ.
