verse|start|end|sentence
1|274434|511912|Тэнгэр газар болон түүний түг түмнийг ийнхүү гүйцээв.
2|594468|992250|Долоо дахь өдөр гэхэд Бурхан хийж байсан ажилаа гүйцээгээд, хийж байсан бүх ажлаасаа Тэрээр долоо дахь өдөртөө амарчээ.
3|1054034|1405158|Бүтээж байсан бүх ажлаасаа энэ өдөр амарсан тул Бурхан долоо дахь өдрийг ерөөж ариун болгов.
4|1471793|1747947|ЭЗЭН Бурхан тэнгэр газрыг буй болгосон уг сурвалж ийм билээ.
5-6|2022778|3001754|Тэнгэр газар бүтээгдсэн тэр өдөр, ЭЗЭН Бурхан газар дэлхий дээр хур бороо оруулаагүй, газар тариалах хүн ч үгүй байсан тул хээрийн бут сөөг газарт хараахан үгүй, тариалангийн ургамал ногоо арай ургаагүй, харин газраас уур манан хөөрч, бүх газрын гадаргууг усалдаг байлаа.
7|3060936|3464143|Тэгэхэд ЭЗЭН Бурхан газрынж шорооноос хүнийгз урлаад, амин амьсгалыг хамраар нь үлээж оруулахад хүн амьд биет болжээ.
8|3530249|3822367|ЭЗЭН Бурхан дорно зүгт Еденд цэцэрлэг тариад, урласан хүнээ тэнд авчирч тавьжээ.
9.1|3850547|4167361|Бас хөрснөөс ЭЗЭН Бурханы ургуулсан янз бүрийн модод нь хараа булаам, хүнсэнд сайн байв.
9.2|4230998|4466756|Тэр цэцэрлэгийн гол дунд бас амийн мод хийгээд сайн мууг мэдүүлэгчи мод байжээ.
10|4525012|4827097|Еденээс гарсан нэгэн мөрөн тэр цэцэрлэгийг усалдаг бөгөөд тэндээс дөрвөн салаа эх авчээ.
11.1|4894835|5046186|Эхнийх нь Пишон гэдэг нэртэй бөгөөд алт байдаг.
11.2|5078467|5173238|Хавилагийн бүх нутгийг дайран өнгөрнө.
12|5219411|5497991|Тэр нутгийн алт нь шижир, тэнд бидолаах хийгээд судалт гартаам ч байжээ.
13|5587117|5827815|Хоёр дахь мөрний нэр нь Гихон бөгөөд Кушийн бүх нутгийг дайран өнгөрдөг.
14.1|5898463|6117375|Гурав дахь мөрний нэр нь Тигр бөгөөд Ассирийн зүүн талаар урсдаг.
14.2|6154640|6274018|Дөрөв дэх мөрөн нь Евфрат аж.
15|6370950|6627392|ЭЗЭН Бурхан хүнийг авчирч, Еден цэцэрлэгийг арчлуулан сахиулахаар тэнд суулгав.
16|6651029|7018162|Тэгээд ЭЗЭН Бурхан тэр хүнд тушаан —Чи энэ цэцэрлэгийн аль ч модны жимсийг идэж болно.
17.1|7035008|7218684|Харин сайн мууг мэдүүлэгч модны жимснээс идэж болохгүй.
17.2|7234693|7447255|Түүнээс идсэн тэр өдөртөө л чи зайлшгүй үхнэ! гэв.
18.1|7473935|7679309|ЭЗЭН Бурхан —Хүн ганцаараа байх нь сайн биш.
18.2|7704358|7889931|Би түүнд тохирох туслагчийг буй болгоё гэжээ.
19.1|7964371|8434213|Ингээд ЭЗЭН Бурхан шороогоор хээрийн бүхий л амьтан, огторгуйн бүхий л шувууг урлаад, тэднийг хэрхэн дуудахыг нь үзэхээр Адамд авчирч өгчээ.
19.2|8496702|8741061|Тэгээд амьд биет бүхнийг Адам хэрхэн дуудсан нь тэдний нэр болов.
20.1|8801698|9109296|Ийнхүү Адам бүх мал адгуус, огторгуйн шувууд, хээрийн бүх амьтанд нэр өгчээ.
20.2|9147310|9300028|Харин Адамд тохирох туслагч олдсонгүй.
21|9356520|9809515|Иймд ЭЗЭН Бурхан Адамыг гүн нойронд автуулж түүнийг унтуулаад хавиргаас нь нэгийг сугалан авч ормыг нь махаар бөглөжээ.
22|9864111|10172811|ЭЗЭН Бурхан Адамаас авсан тэр хавиргаараа нэгэн эмэгтэйг бүтээгээд, түүнийгээ Адамд авчирч өгөв.
23.1|10210693|10527243|Адам —Энэ чинь л яснаас минь авсан яс Махнаас минь авсан мах юм.
23.2|10545677|10696410|Эр хүнээс авагдсан тул Эм хүн гэж нэрлэгдэг.
24|10789329|11112450|Ийм учраас эр хүн эцэг эхээ орхиод, эхнэртэйгээ нийлж, хоёул нэг махбод болдог.
25|11181863|11394513|Хүн эхнэр хоёр нүцгэн байсан бөгөөд тэд ичсэнгүй.
