verse|start|end|sentence
2|196024|336879|Исаак Иаковыг дуудаад түүнийг ерөөн, захиж
3|371454|495463|—Чи Канааны охидоос эхнэр бүү ав.
4|531669|880809|Бос, Паддан-Арам уруу эхийнхээ эцэг Бетуелийн гэр уруу явж, тэнд нагац ах Лабаныхаа охидоос эхнэр ав.
5|907798|1291292|Төгс Хүчит Бурхан чамайг ерөөж, чамайг үржүүлж бас олшруулж, чи ард түмнүүдийн чуулган болох болтугай.
6|1357221|1917247|Абрахамд өгсөн газар буюу чиний цагаачилж суугаа газрыг чамд өвлүүлэхийн тулд Абрахамд өгсөн ерөөлөө чамд болон чамтай хамт чиний үр удамд өгөх болтугай гэв.
7|1952262|2552904|Исаак Иаковыг илгээсэнд тэрээр Паддан-Арам уруу явж, арам хүн Бетуелийн хүүгийнд очжээ. Тэр нь Иаков, Есав хоёрын эх Ребекагийн ах Лабан байлаа.
8|2630344|2761674|Ишмаелын охинтой Есав гэрлэв
9|2825178|3644027|Есавын нүдэн дээр Исаак, Иаковыг ерөөн адислаж, түүнийг Паддан-Арамаас эхнэр авахуулахаар явуулсан ба “Канааны охидоос эхнэр бүү ав” гэж зааварчлан тушаахыг мөн эх эцэг хоёроо Иаков дуулгавартай дагаж Паддан-Арам уруу явахыг Есав үзлээ.
10|3671589|3897249|Бас эцэг Исаакт нь Канааны охид таалагдахгүй байгааг Есав харжээ.
11|3955814|4394035|Тиймд Есав, Ишмаел уруу явж, өөрийн эхнэрүүдээс гадна Абрахамын хүү Ишмаелын охин Махалатыг эхнэр болгон авав.
12|4430859|4539742|Тэр нь Небаиотын охин дүү юм.
14|4742117|4905595|Иаков, Беершебагаас гараад Харан уруу явав.
15|4941890|5293543|Тэрээр нэгэн газар хүрэхэд нар шингэсэн тул тэндээ хонохоор тэндхийн нэг чулууг авч толгой дороо тавиад хажуулжээ.
16|5333454|5895552|Тэрээр зүүдэлсэнд, харагтун, газар дээр нэгэн шат босож, түүний орой нь тэнгэрт тулан бас дахин харвал түүгээр Бурханы тэнгэрэлч нар өгсөж уруудан байлаа.
17|5923688|6071114|Тэгтэл, үзэгтүн, ЭЗЭН түүний дээр зогсоод
18|6105071|6429339|—Би бол ЭЗЭН, чиний эцэг Абрахамын Бурхан, Исаакийн Бурхан байна.
20|6456416|6655660|Чиний хэвтэж байгаа газрыг Би чамд болон чиний үр удамд өгнө.
21|6710167|7036155|Чиний үр удам газрын тоос шиг олон болж, баруун, зүүн, хойд, урд зүгт тархана.
22|7082239|7328229|Чамд болон чиний үр удамд дэлхийн бүх овгийн ерөөл байх болно.
23|7365493|7796527|Харагтун, Би чамтай хамт байж, хаана ч явсан чамайг хамгаалан, чамайг дагуулж, энэ нутагт буцааж авчирна.
24|7834365|8117619|Би чамд амласнаа биелүүлэх хүртэл чамайг орхихгүй гэж айлджээ.
26|8165511|8462613|Иаков нойрноосоо сэрээд —ЭЗЭН үнэхээр энэ газарт байна. Харин би мэдсэнгүй гэв.
27|8513505|8970910|Тэрээр айн сүрдэж —Энэ яасан сүрдмээр газар вэ! Энэ бол гарцаагүй Бурханы өргөө төдийгүй тэнгэрийн хаалга юм  гэв.
30|9013158|9337998|Тэгээд Иаков өглөө эрт босож, дэрлэсэн чулуугаа авч багана болгон босгоод дээр нь тос асгав.
31|9360489|9520219|Энэ газрыг Бетел хэмээн тэрээр нэрлэжээ.
32|9568597|9662221|Тэр хотыг өмнө нь Луз гэдэг байж.
33|9687006|10219160|Иаков андгайлан —Хэрэв Бурхан надтай хамт байж, миний явж буй энэ замд намайг хамгаалан бас надад идэх хоол, өмсөх хувцас өгөөд,
35|10245179|10388328|намайг эцгийн минь гэрт амар тайван буцааж,
36|10413906|10745670|ЭЗЭН миний Бурхан байвал багана болгон босгосон энэ чулуу минь Бурханы өргөө болох болно.
37|10813761|11024691|Таны надад өгөх бүхний аравны нэгийг би Танд өргөнө гэлээ.
