verse|start|end|sentence
1|327927|679051|ЭЗЭН хэлсэн ёсоороо Сарагийнд айлчилж мөн ЭЗЭН айлдсан ёсоороо Сарагийн төлөө үйлджээ.
2|732368|1099854|Сара жирэмсэлж, Бурханаас түүнд хэлж тогтоосон цагт нь, нас өтөлсөн Абрахамд хүү төрүүлж өгөв.
3|1137868|1455520|Абрахам өөрт нь төрсөн хүүдээ буюу Сарагийн төрүүлж өгсөн хүүд Исаак гэдэг нэр өгөв.
4|1502928|1762721|Абрахам, хүү Исаакаа найм хоногтойд нь, Бурханы тушааснаар хозолжээ.
5|1811848|1980398|Хүү Исаакаа төрөхөд Абрахам зуун настай байлаа.
6.1|2022381|2176379|Сара —Бурхан надад инээмсэглэл авчирлаа.
6.2|2202133|2375005|Сонсогч хэн бүхэн надтай хамт инээх болно гэв.
7.1|2419193|2670916|Сара —Сара хүүхдүүдээ хөхүүлнэ гэж Абрахамд хэлэх хэн байлаа даа?
7.2|2694201|2937456|Гэлээ ч би Абрахамыг нас өтөлсөн үед нь хүү төрүүллээ гэв.
8.1|3202497|3306750|Хөвгүүн өсөж, хөхнөөс гарчээ.
8.2|3348777|3518694|Исаакийг хөхнөөс гарсан өдөр Абрахам том найр хийжээ.
9|3572496|3894956|Египет бүсгүй Хагарын Абрахамд төрүүлсэн хүү нь Исаакийг дооглож байгаагр Сара хараад, Абрахамд
10.1|3954138|4048776|—Энэ зарц бүсгүйг хүүтэй нь зайлуул.
10.2|4087408|4294678|Зарц бүсгүйн хүү миний хүү Исаактай хамт өв залгамжлахгүй гэжээ.
11|4346275|4537096|Хүүгийнх нь талаарх энэ зүйл Абрахамыг ихэд зовоов.
12.1|4579255|4867978|Бурхан, Абрахамд —Чи тэр хүү, зарц бүсгүй хоёроос болж сэтгэл бүү зов.
12.2|4882134|5210988|Сарагийн чамд хэлсэн бүгдийг сонс. Учир нь Исаакаас гарсан нь л чиний үр удам гэж нэрлэгдэх болно.
13|5247414|5635098|Харин зарц бүсгүйн хүү ч чиний үр удам учир Би түүнээс нэгэн үндэстэн бий болгоно гэв.
14.1|5683475|6073628|Абрахам өглөө эртлэн босож, талх болон туламтай ус авч, Хагарын мөрөнд үүрүүлээд, хөвгүүнтэй нь хамт явуулжээ.
14.2|6116846|6382416|Хагар тэндээс гарч, Беершебагийн зэлүүд талаар тэнүүчлэн явав.
15|6435954|6640842|Туламтай ус нь дуусаж, Хагар хүүгээ нэгэн бутны доор тавьж орхиод
16|6683178|7138158|Би хүүгийнхээ үхэхийг харж байж чадахгүй гээд харвасан сумны тусгалын газар очиж, хүүгийнхээ эсрэг харж суугаад дуугаа өндөрсгөн уйлав.
17.1|7178421|7466526|Хөвгүүний уйлахыг Бурхан сонсоод, Бурханы тэнгэрэлч тэнгэрээс Хагарыг дуудаж
17.2|7491752|7610910|—Хагар аа! Юу болсон бэ?
17.3|7638296|7672606|Бүү ай.
17.4|7722086|7910613|Учир нь Бурхан тэнд байгаа хөвгүүний дууг сонсжээ.
18.1|7951318|8120044|Бос, хөвгүүнийг босгож, гар дээрээ ав!
18.2|8144696|8374986|Учир нь Би түүнийг агуу үндэстэн болгоно гэв.
19|8445811|8773121|Бурхан, Хагарын нүдийг нээсэнд тэрээр усны ундарга олж хараад очиж тулмаа усаар дүүргэн хөвгүүндээ уулгалаа.
20.1|8841168|9049496|Бурхан тэр хөвгүүнтэй хамт байсан бөгөөд тэрээр өсөж том болжээ.
20.2|9082615|9246623|Тэр зэлүүд талд амьдран сууж, харваач болов.
21|9281065|9570405|Тэрээр Параны цөлд амьдран сууж, ээж нь түүнд Египет нутгаас эхнэр авч өгчээ.
22.1|9844134|10048978|Тэр үед Абимелех болон түүний цэргийн жанжин Фикол нар Абрахамд
22.2|10115613|10208709|—Чамайг юу ч хийсэн Бурхан чамтай хамт байна.
23.1|10223658|10547485|Чи надад болон миний хүү, миний ачид хуурамч үйл хийхгүй гэдгээ энд надад одоо Бурханаар тангарагла.
23.2|10576282|10893008|Миний чамд сайнаар үйлдсэн шиг чи бас надад болон өөрийнхөө түр суугаа энэ газар нутагтаа үйлдэгтүн
24|10920659|11092076|гэсэнд —Би тангараглая гэж Абрахам хэлэв.
25|11169207|11511070|Абимелехийн зарц нар Абрахамын худгийг булаан авсан хэргийн талаар Абрахам, Абимелехийг зэмлэсэнд Абимелех
26.1|11568267|11737082|—Үүнийг хэн хийснийг би мэдэхгүй, чи ч бас надад хэлээгүй.
26.2|11765703|11917363|Би энэ тухай сонсоогүй, өнөөдөр л сонсож байна гэв.
27|11958023|12220330|Абрахам бог мал, үхэр авч Абимелехт өгөөд, тэр хоёр гэрээ байгуулжээ.
28|12255786|12432980|Абрахам долоон охин хургыг сүргээс нь таслан тавихад
29|12444975|12751029|Абимелех, Абрахамд —Сүргээсээ таслан тавьсан энэ долоон охин хурга ямар учиртай вэ?
30|12789926|13249712|гэсэнд Абрахам —Намайг энэ худгийг ухсаны минь гэрч болох энэ долоон охин хургыг та гараас минь авах учиртай гэв.
31|13305631|13621255|Тэр хоёр тэнд бие биендээ тангараг тавьсан учраас тэр газрыг Беершеба гэж нэрлэх болжээ.
32|13647141|14060579|Тэгээд тэд Беершебад гэрээ байгуулаад, Абимелех түүний цэргийн жанжин Фикол хоёр хөдөлж, филистчүүдийн нутагтаа буцжээ.
33|14115704|14493906|Абрахам Беершебад сухай мод тарьж, Мөнхөд оршигч Бурхан ЭЗЭНий нэрийг тэнд дуудав.
34|14538402|14795109|Тэгээд Абрахам филистчүүдийн нутагт олон хоног нутаглан суужээ.
