verse|start|end|sentence
1|345655|1028720|ЭЗЭН Бурханы буй болгосон хээрийн хамаг амьтдаас хамгийн ов мэхтэй нь болох могой, эмэгтэйд —Энэ цэцэрлэгт байгаа аль ч модноос идэж болохгүй гэж та нарт Бурхан үнэхээр хэлсэн үү? гэжээ.
2|1059634|1347343|Тэр эмэгтэй, могойд —Бид энэ цэцэрлэг дэх моддын жимсийг идэж болно оо.
3-4|1381873|2060000|Харин цэцэрлэгийн голд байгаа модны жимсний тухайд Бурхан “Та нар түүнээс бүү ид бас түүнд бүү хүр, эс бөгөөс та нар үхнэ” гэж айлдсан гэхэд могой, эмэгтэйд —Та нар ерөөсөө үхэхгүй.
5|2093691|2505673|Та нар түүнээс идсэн тэр өдөртөө л нүд чинь нээгдэн, Бурхан шиг болж, сайн мууг мэдэх болно гэдгийг Бурхан мэдэж байгаа гэжээ.
6.1|2543820|3047795|Тэгээд тэр эмэгтэйг хартал уг мод нь хүнсэнд сайн, нүд булаам, ухаан тэлмээр, хорхой хүрмээр сайхан харагдсан тул жимснээс нь авч иджээ.
6.2|3079414|3218903|Тэр хамт байсан нөхөртөө өгч, тэр нь ч идэж.
7|3248317|3675294|Тэгээд тэр хоёрын нүд нээгдэн, хоёулаа нүцгэн байгаагаа мэдээд, инжир модны навчсыг хооронд нь холбож, өөрсдөдөө бэлхэмж хийжээ.
8|3741532|4224471|Үдшийн сэрүүнд цэцэрлэг дундуур ЭЗЭН Бурханы алхаж яваа чимээг сонсоод, эр хүн эхнэртэйгээ хоёул ЭЗЭН Бурханы оршихуйгаас цэцэрлэгийн модон дунд нуугджээ.
9-10|4271570|4904228|Гэтэл ЭЗЭН Бурхан, хүнийг дуудаж —Чи хаа байна вэ? гэсэнд тэрээр —Би Таны чимээг цэцэрлэг дотор сонсоод, нүцгэн учир айж нуугдсан юм гэж хэлэв.
11.1|4932849|5132093|Тэгтэл Тэр —Чамайг нүцгэн гэж хэн чамд хэлсэн бэ?
11.2|5161596|5457066|Бүү ид гэж Миний чамд тушаасан тэр модны жимснээс чи идээ юү? гэсэнд хүн
12.1|5487583|5792535|Өнөөх эмэгтэй, надтай хамт байлгахаар Таны надад өгсөн тэр л надад нөгөө модны жимснээс өгсөн.
12.2|5806646|5926422|Тэгээд л би идсэн гэж хэлэв.
13|5986486|6533988|ЭЗЭН Бурхан тэр эмэгтэйд —Чи юу хийчих нь энэ вэ? гэсэнд тэр эмэгтэй —Тэр могой, тэр л намайг мэхэлснээс болоод би идсэн гэв.
14.1|6629597|7185213|ЭЗЭН Бурхан нөгөө могойд Чи ийм хэрэг хийсэн учир Хамаг мал адгуус хийгээд Хээр талын хамаг зэрлэг амьтдаас илүүгээр хараагдав.
14.2|7211540|7547891|Чи хэвлийгээрээ мөлхөн явж, Амьдралынхаа бүхий л хоногуудад тоос шороо идэх болно.
15.1|7572587|7982585|Би тэр эмэгтэй та хоёрын хооронд, Бас чиний үр, тэр эмэгтэйн үрийн хооронд дайсагнал үүсгэнэ.
15.2|8033035|8272101|Тэр үр толгойг чинь бяцалж, түүний өсгийг чи няцална
16.1|8323830|8660137|гээд эмэгтэйд —Өөрийн чинь жирэмсний бэрхшээл зүдүүрийг Би бүр ихэсгэнэ.
16.2|8664768|8817309|Өвдөж зовж чи үр хүүхдээ төрүүлнэ.
16.3|8839095|9096462|Эр нөхрөө чи эрмэлзэнэ, Эр чинь чамайг эзэгнэнэ гэв.
17.1|9129185|9657370|Тэрээр Адамд —Чи эхнэрийнхээ үгийг сонсож, “Бүү ид!” гэж Миний чамд тушаасан модноос идсэн учир Чамаас болж газар хараагдлаа.
17.2|9698472|10000998|Чи түүнээс амьдралынхаа бүхий л өдрүүдэд бэрхшээл зүдүүр дунд хооллох болно.
18.1|10065295|10219866|Чиний төлөө тэрээр өргөс зангууг ч ургуулна.
18.2|10243239|10398691|Чи хээрийн өвс ногоог ч идэх болно.
19.1|10449495|10747302|Чи газар шороондоо буцталаа Духныхаа хөлсийг дуслуулан байж хоолоо олж иднэ.
19.2|10782670|10914132|Учир нь чамайг газар шорооноос авсан.
19.3|10942841|11177762|Чи тоос шороо тул тоос шороондоо буцна гэжээ.
20.1|11229050|11382783|Хүн эхнэрээ Ева гэж нэрлэжээ.
20.2|11414623|11562623|Учир нь тэр амьд бүхний эх болсон аж.
21|11635564|11885567|ЭЗЭН Бурхан, Адам ба түүний эхнэрт зориулж арьсан дээл хийж өмсгөжээ.
22.1|11901046|12238764|ЭЗЭН Бурхан —Үзэгтүн! Энэ хүн одоо сайн муугс мэдэх талаараа бидний нэгэн адил болсон.
22.2|12276513|12580583|Тэр одоо гараа сунган амийн модны жимснээс бас авч идээд мөнх наслах вий гэжээ.
23|12637869|12984583|ЭЗЭН Бурхан хүнийг өөрийг нь гаргаж авсан газар шороог хагалуулахаар Еден цэцэрлэгээс гарган явуулав.
24|13053423|13689433|Тэгээд Бурхан тэр хүнийг хөөж гаргаад, амийн мод өөд хөтлөх замыг хамгаалуулахаар Еден цэцэрлэгийн зүүн талд херубууд болон зүг бүрд эргэлддэг галт илдийг байрлуулан тавьжээ.
