verse|start|end|sentence
2|233950|332381|Есавын үр удам
3|393195|514514|Есавын уг угсаа ийм билээ.
4|558438|992735|Тэр нь Едом юм. Есав канаан охидоос хит хүн Елоны охин Ада, хиви хүн Зибеоны ач охин,
6|1015093|1380197|Анагийн охин Охолибамаг эхнэр болгон авч, бас Ишмаелын охин Небаиотын дүү Басематыг авчээ.
7|1440482|1703362|Тэгээд Ада нь Есавд Елифазыг төрүүлж, Басемат нь Реуелийг төрүүлжээ.
8|1762941|1960156|Харин Охолибама нь Иеуш, Иалам, Кора нарыг төрүүлжээ.
9|1987146|2189917|Эд нар бол Канаан нутагт түүнд төрсөн Есавын хөвгүүд билээ.
10|2248218|2517492|Есав эхнэрүүд, хөвгүүд, охид, гэрийн бүх хүнээ, өөрийн сүрэг болон бүх мал,
11|2545363|2855783|Канаанаас олж хөлжсөн хамаг эд хөрөнгөө аваад, дүү Иаковаас салж, өөр нэгэн газар уруу оджээ.
12|2919067|3441167|Тэр хоёрын эд хөрөнгө үлэмж их болсон тул хамтдаа амьдран сууж чадахгүйд хүрэв. Тэдний цагаачилж суугаа нутаг нь өөрсдийнх нь мал сүргээс болж тэдэнд хүрэлцэхгүй болжээ.
13|3492720|3711103|Есав буюу Едом нь Сеирийн уулархаг нутагт амьдрах болов.
14|3750616|4070209|Сеирийн уулархаг нутагт суурьшсан едомчуудын өвөг Есавын уг угсаа ийм болой.
15|4130185|4394609|Есавын үр удмынхны нэр нь гэвэл Есавын эхнэр Адагийн хүү Елифаз,
16|4418423|4574316|Есавын эхнэр Басематын хүү Реуел нар билээ.
17|4635836|4875519|Елифазын хөвгүүд нь Теман, Омар, Зефо, Гатам, Кеназ нар билээ.
18|4919399|5351226|Есавын хүү Елифазын татвар эм Тимна нь Амалекийг Елифазд төрүүлж өгчээ. Эдгээр нь Есавын эхнэр Адагийн хөвгүүд билээ.
19|5409085|5635847|Реуелийн хөвгүүд нь Нахат, Зера, Шамма, Мизза нар билээ.
20|5658074|5839942|Эдгээр нь Есавын эхнэр Басематын хөвгүүд билээ.
21|5920380|6356926|Зибеоны ач охин, Анагийн охин, Есавын эхнэр Охолибамагийн Есавд төрүүлсэн хөвгүүд нь Иеуш, Иалам, Кора нар билээ.
23|6921406|7026497|Едомын хаадын овгууд
24|7085150|7723365|Есавын хөвгүүдийн ахлагч нар нь Есавын ууган хүү Елифазын хөвгүүд болох ахлагч Теман, ахлагч Омар, ахлагч Зефо, ахлагч Кеназ, ахлагч Кора, ахлагч Гатам, ахлагч Амалек нар юм.
25|7753044|8042693|Эдгээр нь Едомын нутагт Елифазаас гарсан ахлагчид бөгөөд Адагийн хөвгүүд болой.
26|8122205|8458027|Есавын хүү Реуелийн хөвгүүд нь ахлагч Нахат, ахлагч Зера, ахлагч Шамма, ахлагч Мизза нар юм.
27|8479856|8814311|Эдгээр нь Едомын нутагт Реуелээс гарсан ахлагчид бөгөөд Есавын эхнэр Басематын хөвгүүд болой.
28|8872082|9173373|Есавын эхнэр Охолибамагийн хөвгүүд нь ахлагч Иеуш, ахлагч Иалам, ахлагч Кора нар юм.
29|9193571|9447851|Эдгээр нь Анагийн охин, Есавын эхнэр Охолибамагаас гарсан ахлагчид билээ.
30|9472812|9707777|Эд бүгд Есав буюу Едомын хөвгүүд бөгөөд тэдний ахлагчид болой.
31|9755802|10193538|Тэр газрын уугуул иргэд хоричууд буюу Сеирийн хөвгүүд нь Лотан, Шобал, Зибеон, Ана, Дишон, Езер, Дишан нар юм.
32|10214971|10456418|Эдгээр нь Едомын нутагт байгаа Сеирийн хөвгүүд, хоричуудын ахлагчид юм.
33|10500562|10743597|Лотаны хөвгүүд нь Хори, Хемам нар бөгөөд Лотаны эгч нь Тимна юм.
34|10804367|11050533|Шобалын хөвгүүд нь Алван, Манахат, Ебал, Шефо, Онам юм.
35|11088327|11509085|Зибеоны хөвгүүд нь Аиа, Ана нар бөгөөд Ана нь эцэг Зибеоныхоо илжгийг хариулж явахдаа элсэн цөлд халуун рашаан олсон ажээ.
36|11566724|11717634|Анагийн хүүхдүүд нь Дишон, Охолибама хоёр.
37|11748284|11852183|Охолибама бол Анагийн охин юм.
38|11910704|12114402|Дишоны хөвгүүд нь Хемдан, Ешбан, Итран, Херан нар.
39|12164411|12317041|Езерийн хөвгүүд нь Билхан, Зааван, Акан нар.
40|12343104|12468745|Дишаны хөвгүүд нь Уз, Аран нар.
41|12495735|12990625|Хоричуудын ахлагчид нь ахлагч Лотан, ахлагч Шобал, ахлагч Зибеон, ахлагч Ана, ахлагч Дишон, ахлагч Езер, ахлагч Дишан нар.
42|13011264|13259370|Эдгээр нь ахлагчдынхаа дагуу Сеирийн газарт байгаа хоричуудын ахлагчид ажээ.
43|13300295|13639953|Израилийн хөвгүүдийг хэн нэгэн хаан захирахаас өмнө Едомын газар нутгийг захирсан хаад нь эдгээр болно.
44|13686876|13979391|Беорын хүү Бела нь Едомын хаан болсон бөгөөд түүний хотыг Динхаба гэдэг байжээ.
45|14009511|14280947|Бела үхэж, Бозрагийн Зерагийн хүү Иобаб түүний оронд хаан болжээ.
46|14308597|14567420|Иобаб үхэж, теманчуудын нутгаас гаралтай Хушам түүний оронд хаан болсон билээ.
47|14595821|15031176|Хушам үхэж, Моабын талд мидианчуудыг бут цохисон Бедадын хүү Хадад түүний оронд хаан болсон бөгөөд түүний хотыг Авит гэдэг байв.
48|15090799|15302832|Хадад үхэхэд, Масрекагийн Самла түүний оронд хаан болжээ.
49|15329027|15628731|Самла үхэхэд, Евфрат мөрний эргийн Рехоботын Шаул түүний оронд хаан болсон юм.
50|15686414|15891611|Шаул үхэж, Ахборын хүү Баал-ханан оронд нь хаан болов.
51|15937475|16244367|Ахборын хүү Баал-ханан үхэхэд Хадар түүний оронд хаан болсон бөгөөд хотыг нь Пау гэдэг байв.
52|16285468|16549142|Түүний эхнэрийн нэр Мехетабел бөгөөд тэр Ме-Захабын Матредын охин байв.
53|16608192|17662094|Есаваас уламжилсан захирагчдын нэрс нь тэдний ургууд, нутгийн байршил, нэрсийнхээ дагуу эд нар болно. Захирагч Тимна, захирагч Алва, захирагч Иетет, захирагч Охолибама, захирагч Ела, захирагч Пинон, захирагч Кеназ, захирагч Теман, захирагч Мибзар, захирагч Магдиел, захирагч Ирам нар байв. 
54|17691905|17946495|Эдгээр нь суудаг орон, өөрийн эзэмшсэн газар нутгийн дагуу Едомын захирагчид юм.
55|17976615|18083601|Едомын өвөг нь Есав билээ.
