verse|start|end|sentence
2|185087|284577|Исаак Абимелех хоёр
3|391255|838693|Абрахамын үед анх ган гачиг болсон тэр газарт дахин ган гачиг болсонд Исаак Герар уруу одож, Филистийн хаан Абимелех дээр хүрч очжээ.
4|867535|944842|ЭЗЭН, Исаакт үзэгдэж
5|1038334|1249926|—Чи Египет уруу бүү яв! Миний зааж өгөх газарт суурьш.
6|1278723|1682503|Тэр газарт суу. Би чамтай хамт байж, чамайг ерөөн, энэ бүх газрыг чамд болон чиний үр удамд өгнө.
8|1707419|1852420|Би чиний эцэг Абрахамд андгайлсан тангаргаа биелүүлнэ.
9|1883952|2220214|Би чиний үр удмыг тэнгэрийн од мэт олон болгож, энэ бүх газрыг чиний үр удамд өгнө.
10|2267136|2487151|Газар дэлхийн бүх үндэстэн чиний үр удмаар дамжин ерөөгдөх болно.
11|2507702|3106756|Учир нь Абрахам Миний дуу хоолойг сонсон дуулгавартай дагаж, Миний журам заавар, Миний тушаал, Миний зарлиг болон Миний хуулийг сахисан билээ гэв.
12|3166115|3324478|Тэгээд Исаак Герарт амьдран суух болжээ.
13|3366241|3621844|Тэр нутгийн хүмүүс эхнэрийнх нь талаар асуусанд тэр —Энэ бол миний охин дүү гэжээ.
14|3661975|4110913|Ребека нуруу гоолиг, царай үзэсгэлэнтэй учраас энэ нутгийнхан түүнээс болж өөрийг нь алж магадгүй гээд өөрийнхөө эхнэр гэж хэлэхээс тэр айжээ.
15|4169610|4639143|Исаак тэнд удаан хугацаагаар суусан бөгөөд Филистийн хаан Абимелех цонхоороо харж байгаад, Исаак эхнэр Ребекагаа энхрийлэхийг нь үзсэн аж.
16|4699207|5098136|Абимелех Исаакийг дуудан —Тэр үнэхээр чиний эхнэр атал чи юунд түүнийг энэ миний охин дүү гэж хэлсэн бэ?
18|5120847|5379803|гэсэнд Исаак —Ребекагаас болоод би үхчихгүй юмсан гэж бодсон юм гэв.
21|5475676|5771190|Чи биднийг яаж байгаа чинь энэ вэ? Манай хүмүүсийн нэг нь эхнэртэй чинь хялбархан унтчихаж болох байсан.
22|5791256|5947590|Тэгээд чи бидэн дээр ял буулгах байлаа гэв.
24|5972154|6485301|Тэгээд Абимелех —Энэ хүнд юмуу эсвэл түүний эхнэрт гар хүрсэн хэн ч болов үхэх болно гэж бүх ард олондоо тушаажээ.
27|6513614|6890404|Тэгээд Исаак тэр газарт тариа тарьж, тэр жилдээ зуу дахин их ургац авав. ЭЗЭН түүнийг ерөөжээ.
28|6948396|7132293|Тэрээр агуу их болж, маш агуу нэгэн болтлоо өслөө.
29|7161443|7784884|Тэр хонин сүрэг, үхэр сүрэг, асар олон хамжлагатай байсан бөгөөд филистчүүд түүнд атаархаж, түүний эцэг Абрахамын өдрүүдэд зарц нарынх нь ухаж гаргасан бүх худгийг шороогоор дүүргэн битүүлэв.
31|7994756|8223856|—Чи биднээс илүү хүчтэй болсон учир биднийг орхиж яв гэв.
32|8285596|8511255|Исаак тэндээс хөдлөн явж, Герарын хөндийд майхнаа барьж, тэнд суув.
33|8546183|9047732|Эцэг Абрахамынх нь өдрүүдэд ухаж гаргасан худгуудыг Исаак дахин ухжээ. Учир нь Абрахамыг өөд болсны дараа тэдгээрийг нь филистчүүд булж битүүлсэн байв.
34|9076221|9249975|Исаак тэдгээрийг эцгийнхээ өгсөн нэрээр нэрийдэв.
35|9309421|9710820|Исаакийн зарц нар Герарын хөндийд газар ухаж, ундарга сайтай худаг олжээ. Герарын малчид Исаакийн малчидтай маргалдаж
36|9742704|10050654|—Энэ ус манайх гэсэнд тэр маргалдаанаас болж, Исаак уул худгийг Есек гэж нэрлэв.
37|10078481|10376950|Тэд өөр нэг худаг ухаж бас дахин маргалджээ. Исаак түүнийг Ситна гэж нэрлэжээ.
39|10452758|10766044|Тэр тэндээс нүүж бас нэг худаг ухсанд дахин маргаан гараагүй учир түүнийг Рехобот гэж нэрлээд
40|10818700|11088459|—ЭЗЭН бидэнд газрыг тэлж өгсөн бөгөөд бид энэ нутаг дээр үржих болно гэв.
41|11112273|11269975|Исаак тэндээс Беершебагийн зүг явав.
42|11327746|11445317|Тэр шөнө нь ЭЗЭН түүнд үзэгдэж
43|11491710|11663303|—Би бол чиний эцэг Абрахамын Бурхан.
44|11691351|12135438|Бүү ай! Би чамтай хамт учир Зарц Абрахамынхаа төлөө чамайг Би ерөөн Үр удмыг чинь олшруулах болно
46|12238808|12591828|Исаак тэнд тахилын ширээ босгож, ЭЗЭНий нэрийг дуудан, тэнд майхнаа барьж, түүний зарц нар худаг ухжээ.
47|12657449|13027051|Тэгтэл Абимелех өөрийн шадар Ахуззат, цэргийн жанжин Фикол нарынхаа хамт Герараас Исаак дээр ирэв.
49|13123057|13419100|—Та нар намайг үзэн ядаж, өөрсдөөсөө хөөн явуулсан атлаа юунд над дээр хүрч ирэв? гэсэнд тэд
50|13450896|13634705|—ЭЗЭН чамтай хамт байгааг бид үзлээ.
51|13655256|14378187|Тиймээс та бидний хооронд тангараг байж, тантай гэрээ байгуулъя гэж бид хоорондоо хэлэлцсэн юм. Бид чамд гар хүрэлгүй, зөвхөн сайныг хийж, чамайг амар тайван явуулсан шиг чи бидэнд хор хөнөөл бүү хий.
52|14420655|14609007|Чи бол одоо ЭЗЭНий ерөөлийг хүртэгч нэгэн гэжээ.
54|14645830|14789376|Исаак тэдэнтэй найрлаж тэд идэж ууцгаалаа.
55|14825361|15241268|Тэгээд тэд өглөө эртлэн босож, бие биедээ тангарагласны дараа Исаак тэднийг явуулж, тэднийхээс тэд амар тайван оджээ.
56|15292645|15584278|Тэгтэл тэр өдөр түүний зарц нар ирж, ухсан худгийнхаа талаар “Бид ус оллоо” гэж Исаакт мэдүүлэв.
57|15613075|16038199|Исаак тэр худгийг Шеба гэж нэрлэсэн бөгөөд тиймээс тэр хотын нэрийг өнөөг хүртэл Беершеба гэдэг ажээ.
58|16133147|16226198|Есавын хит эхнэрүүд
59|16313295|16740668|Есав дөчин настайдаа хит хүн Беерийн охин Иудит болон хит хүн Елоны охин Басемат нарыг эхнэр болгон авчээ.
60|16784415|16993053|Тэд Исаак, Ребека хоёрт сэтгэлийн зовлон болов.
