verse|start|end|sentence
2|188174|310860|Абрахам Кетуратай гэрлэв
3|351036|515573|Абрахам дахин нэг эхнэр авсан бөгөөд нэр нь Кетура.
4|546487|1009581|Тэрээр түүнд Зимран, Иокшан, Медан, Мидиан, Ишбак, Шуа нарыг төрүүлж өгчээ. Иокшан нь Шеба, Дедан хоёрыг төрүүлжээ.
5|1037805|1208075|Деданы хөвгүүд нь ашур, летуш, леумчууд болно.
6|1249441|1576927|Мидианы хөвгүүд нь Ефа, Ефер, Ханох, Абида, Елдаа нар билээ. Эд бүгд Кетурагийн хөвгүүд юм.
7|1616265|1759193|Абрахам өөрийн хамаг өмчийг Исаакт өгчээ.
8|1784462|2234635|Абрахам татвар эмсийнхээ хүүхдүүдэд өглөг өгч, өөрийн амьд ахуйд тэднийг хүү Исаакаасаа холдуулан, дорно зүг уруу явууллаа.
9|2315073|2407110|Абрахам өөд болов
10|2471011|2704741|Абрахамын амьд явсан хоног нэг зуун далан таван жил болжээ.
11|2750561|3028876|Абрахам сайхан өндөр насыг насалж гүйцээд эцсийн амьсгал хурааж нөгчив.
12|3092821|3643056|Тэгээд тэр өөрийн хүмүүст нийлж, хүү Исаак Ишмаел хоёр нь түүнийг Мамрегийн өмнө тал дахь хит хүн Зохарын хүү Ефроны талбай дахь Махпела агуйд оршуулжээ.
13|3682614|3865409|Тэр газрыг Абрахам хитчүүдээс худалдан авсан байв.
14|3898836|4082866|Абрахам түүний эхнэр Сара хоёрыг тэнд оршуулжээ.
15|4115676|4578991|Абрахамыг нас барсны хойно түүний хүү Исаакийг Бурхан ерөөж, Исаак Беер-лахаи-роин хавьцаа нутаглан суух болов.
16|4638879|4728666|Ишмаелын үр удам
17|4784276|5158994|Сарагийн шивэгчин египет бүсгүй Хагараас Абрахамд төрүүлж өгсөн хүү Ишмаелын уг угсаа энэ буюу.
18|5227834|5434619|Хөвгүүдийнх нь нэрс, тэдний төрсөн дарааллаар дараах болой.
19|5481982|6456151|Ууган хүү Небаиот, удаах нь Кедар, Адбеел, Мибсам, Мишма, Дума, Масса, Хадад, Тема, Иетур, Нафиш, Кедема нар юм. Эдгээр нь Ишмаелын хөвгүүд байсан бөгөөд тосгон ба суурингийнхаа дагуух нэрс нь энэ агаад тэд овог овгийнхоо дагуу арван хоёр ноён байжээ.
20|6522566|7016177|Ишмаелын амьдралын жилүүд нь нэг зуун гучин долоон жил болсон бөгөөд тэрээр амьсгал хураан өөд болж, өөрийн өвөг дээдэстээ одов.
21|7069274|7558563|Тэд Ассири хүрэх зам дагуу Египетийн зүүн зүгт орших Хавилагаас аваад Шур хүртэлх нутагт суурьшиж, ах дүүс хоорондоо дайсагналцан суужээ.
22|7646190|7774697|Есав Иаков хоёр төрж өссөн нь
23|7872335|8051028|Абрахамын хүү Исаакийн уг угсаа ийм билээ.
24|8112724|8671779|Абрахам Исаакийг төрүүлж, Исаак дөчин настайдаа Паддан-Арамын арам хүн Бетуелийн охин, арам хүн Лабаны охин дүү Ребекаг эхнэр болгон авчээ.
25|8700533|9030577|Эхнэр нь хүүсэр учир Исаак түүний төлөө ЭЗЭНд залбирсанд ЭЗЭН хариулж, эхнэр Ребека нь жирэмсэлжээ.
26|9079660|9524762|Хүүхдүүд нь эхийнхээ хэвлий дотор тэмцэлдсэнд — Ингээд байвал би яах вэ? гэж хэлээд , Ребека ЭЗЭНээс асуун залбирахаар одов. ЭЗЭН түүнд
27|9560174|9682375|—Хэвлий дотор чинь хоёр үндэстэн байна.
28|9719419|10143529|Биеэс чинь хоёр ард түмэн салж гарах бөгөөд Нэг ард түмэн нь нөгөөгөөс хүчтэй ба Том нь багадаа зарцлагдана гэлээ.
29|10202138|10359751|Түүнийг төрөх болоход хэвлийд нь ихэр хүүхэд байжээ. 
30|10401778|10672244|Эхнийх нь улаан, бүх бие нь үстэй арьс шиг байсан учир түүнд Есав гэдэг нэр өгчээ.
31|10712639|11023544|Удаах дүү нь Есавын өсгийнөөс гараараа зуурч гарсан учир түүнд Иаков гэдэг нэр өгчээ.
32|11055429|11230594|Ребека тэднийг төрүүлэхэд Исаак жаран настай байлаа.
33|11295597|11700612|Хөвгүүд өсөж, Есав гарамгай анчин, хээр талын эр, Иаков нь майхандаа суудаг номхон дөлгөөн хүн болжээ.
34|11748372|12153739|Исаак, Есавын агнасан ангийн маханд дуртай учир Есавдаа хайртай харин Ребека нь Иаковтаа хайртай байв.
35|12235059|12339180|Ууган хүүгийн эрхээ худалдав
36|12417633|12729112|Иаковыг шөл буцалгаж байтал Есав хээрээс өлсөж ядран эргэж иржээ. Есав Иаковт
37|12760555|12983128|—Би өлсөж ядарсан учир чи улаан шөлнөөсөө надад идүүлнэ үү? гэжээ.
38|13035474|13181975|Иймээс Есавыг Едом гэж дуудах болсон юм.
40|13264221|13678938|—Ууган хүү байх эрхээ өнөөдөр надад худалдаач гэсэнд Есав —Би үхэх гэж байна. Ууган хүү байх эрх надад ямар ашигтай юм бэ? гэжээ.
42|13776928|14149837|—Өнөөдөр надад тангарагла! гэсэнд Есав түүнд тангараглаж, ууган хүү байх эрхээ Иаковт худалджээ.
43|14209593|14457391|Иаков түүнд зармагны шөл талхтай өгсөнд тэрээр идэж уугаад, босож явлаа.
44|14497698|14724504|Есав ууган хүү байх эрхээ ингэж үл тоомсорлов.
