verse|start|end|sentence
2|211680|305524|Иаковын эцсийн үгс
3|341730|703615|Иаков хөвгүүдээ дуудан — Та нар цугларцгаа. Би та нарт ирэх өдрүүдэд юу болох тухай хэлж өгье.
5|739645|916442|Иаковын хөвгүүд ээ! Та нар цугларцгааж, сонсоцгоо!
6|936639|1048653|Эцэг Израилийнхаа үгийг сонсоцгоо!
8|1160050|1250587|чи бол миний ууган хүү,
9|1273343|1619043|Миний хүч чадал, Сүр хүчний минь охь, Цог жавхлангийн оргил, Эрч чадлын дээд боловч
10|1645591|1867635|Ус шиг бургилж байсан учир Чи эрч чадлын дээд болж чадахгүй.
11|1893654|2172586|Чи эцгийнхээ орон дээр гарч, бузарласан. Тэр миний орон дээр гарсан юм.
12|2210071|2332096|Симеон, Леви хоёр ах дүүс.
13|2356615|2494869|Тэдний илд бол харгислалын зэвсэг юм.
14|2521505|2865618|Сэтгэл зүрх минь тэдний чуулалд бүү оролцог. Алдар хүнд минь эдний чуулганд үл нэгдэг.
15|2948570|3238924|Уурынхаа эрхээр тэд хүн алжээ Өөрийнхөө зоргоор эд үхрийн шөрмөс тасалжээ.
16|3274689|3538848|Тэдний уур догшин ширүүн, Хилэн нь харгис хэрцгий учир хараал идэг!
18|3560810|3795995|Би тэднийг Иаковын дунд хувааж Израилийн дунд тараана.
19|3832157|4035811|Иуда! Чамайг ах дүү нар чинь магтан өргөмжлөх болно.
20|4061213|4243125|Гар чинь дайсныхаа хоолойг багалзуурдах болно.
21|4281757|4458642|Эцгийн чинь хөвгүүд чиний өмнө сөгдөн мөргөх болно.
22|4497450|4688359|Иуда, чи бол арслангийн гүег юм.
23|4726197|4915959|Хүү минь! Чи барьсан олзоо орхин босов.
24|4940258|5043937|Тэр мяраан арслан шиг хэвтэнэ.
25|5067045|5289839|Арслан болохынх нь хувьд хэн түүнийг босгохоор зүрхлэх вэ?
27|5316034|5495742|Шилог иртэл хааны таяг Иудагаас салахгүй. 
28|5522995|5708171|Захирагчийн шийдэм түүний хөлийн хоорондоос салахгүй.
29|5733705|5909929|Бүх хүн түүнийг дуулгавартай дагах болно.
30|5946444|6467000|Илжгээ усан үзмийн модноос уяж Дудрангаа хамгийн сайхан усан үзмийн модноос уяж Хувцсаа дарсанд, нөмрөгөө усан үзмийн шүүсэнд угаана.
31|6492798|6721898|Дарснаас болж нүд нь улайж Сүүнээс болж шүд нь цайх болно.
32|6760353|7213745|Зебулун далайн эрэгт амьдран сууж Усан онгоцны зогсоолтой болж, Бас нутгийнх нь хил хязгаар Сидон хүртэл өргөжнө.
33|7252774|7486239|Иссахар нь хонины хашааны хооронд хэвтдэг яс сайтай илжиг юм.
34|7521916|7948495|Тэрээр амрах газраа сайн, тэр газраа таатай гэдгийг хараад Мөрөө доошлуулж ачаагаа үүрээд Албадлага дор зарцлагдана.
35|7974735|8190648|Дан нь Израилийн нэгэн овгийн хувьд Ард олноо шүүх болно.
36|8220813|8407003|Дан замын хажуугийн могой, Морины өсгийг хатгаж
37|8432625|8680467|Унаж яваа эзнийг нь арагш унагадаг Замын хажуугийн хорт могой болно.
38|8718261|8869877|ЭЗЭН минь, би Таны авралыг хүлээдэг.
39|8906656|9092141|Гад нь цэргээр довтлуулавч Тэднийг өсгий даран довтолно.
40|9129361|9370764|Ашерын хоол хүнс тос дааж Тэрээр хааны амтат хоолыг зэхэж өгнө.
41|9394799|9616490|Нафтали нь уянгат хоолойгоор дуулдаг эрх дураараа согоо юм.
42|9654283|9775294|Иосеф нь үр жимс ихтэй мөчир.
43|9803253|10058769|Булгийн дэргэдэх үржил шимтэй мөчир Тэр мөчир нь ханыг даван ургана.
44|10095548|10848600|Мэргэн харваачид түүнийг хорсолтойёо харваад Нэхэн хөөсөн боловч Иосефын нум бат бэх, Гар нь хүчтэй байх бөгөөд Иаковын Төгс Хүчит Нэгэний гараас, Израилийн Хад болох Хоньчин гарах болно.
45|10876074|11049255|Чиний эцгийн Бурханаар дамжин Тэр чамд туслах болно.
46|11076508|11259303|Төгс Хүчит Нэгэнээр дамжуулан Тэрээр чамайг ерөөх болно.
47|11280735|11616116|Дээр тэнгэрийн ерөөл Доор оёоргүй гүний ерөөл Хөх ба умайн ерөөл энэ болой.
48|11641121|12311397|Чиний эцгийн ерөөл бол Миний өвөг дээдсийн ерөөлөөс ч илүү байж Мөнх уулсын хязгааргүй шиг Тэр ерөөл нь Иосефын тэргүүн дээр Ах дүүсийнхээ дундаас тодрон гарагчийн зулай дээр эргэж ирнэ.
49|12347603|12481402|Бениамин нь олзоо урж тасчих чоно.
50|12501379|12731670|Өглөөгүүр тэр барьснаа идэж, үдшээр олзоо хуваана гэв.
51|12758747|13377646|Эдгээр нь Израилийн арван хоёр овог болжээ. Энэ бол тэднийг ерөөхдөө эцгийнх нь хэлсэн үг юм. Тэрээр хүн тусбүрд тохирох ерөөлийг хайрлажээ. Иаков
52|13398462|13440357|өөд болов
53|13477092|13572480|Тэрээр тэдэнд захиран хэлсэн нь
54|13608730|13723479|— Би өөрийн хүмүүс уруугаа буцна.
55|13754349|14035618|Намайг хитчүүдийн Ефроны тал дахь агуйд байгаа өвөг дээдэстэй минь хамт оршуулаарай.
56|14070810|14329060|Тэр агуй бол Канаан нутагт, Мамрегийн эсрэг талд, Махпелагийн талбайд бий.
57|14353006|14679214|Абрахам тэр агуйг талбайтай нь хамт оршуулгын газар болгохоор хитчүүдийн Ефроноос худалдаж авсан юм.
58|14712774|15081803|Абрахам болон эхнэр Сара нь тэнд оршуулагдсан бөгөөд Исаак болон түүний эхнэр Ребека мөн тэнд оршуулагдсан билээ.
59|15103323|15218204|Би бас Леагаа тэнд оршуулсан юм.
60|15240651|15471382|Тэр талбай ба тэндхийн агуйг Хитийн хөвгүүдээс худалдаж авсан гэв.
61|15506133|15998642|Иаков хөвгүүддээ захиасаа өгч дуусаад, хөлөө хумин орондоо хийж, эцсийнхээ амьсгааг аваад, өөрийн хүмүүс уруугаа оджээ.
