verse|start|end|sentence
3|409336|501284|Иосеф Египет уруу хүргэгдэв.
4|563465|967289|Тэгээд түүнийг тэнд авчирсан ишмаелчуудын гараас Фараоны түшмэл, хамгаалагчдын захирагч Потифар гэдэг нэгэн египет хүн түүнийг арилжин авчээ.
5|1031543|1422004|ЭЗЭН Иосефтой хамт байсан учир түүний бүх ажил үйлс бүтэмжтэй болж, тэр өөрийн эзэн египет хүний гэрт сууж байлаа.
6|1481363|1807923|ЭЗЭН, түүнтэй хамт байгааг мөн ЭЗЭН, түүний үйлдсэн бүхнийг гараар нь бүтэмжтэй болгож байгааг түүний эзэн нь үзэв.
7|1844614|2280058|Иосеф, эзнийхээ нүдэнд тааллыг олж, түүнд үйлчилсэнд тэрээр Иосефыг гэрийнхээ даамал болгон эзэмшиж байсан бүхнээ түүний гарт өгчээ.
8|2325084|2883346|Тэрээр Иосефоор эд хөрөнгөө харгалзуулснаас хойш ЭЗЭН Иосефын төлөө египет хүний орон гэрийг ерөөж, ЭЗЭНий ерөөл гэр болон тариалангийн талбай, түүнд байсан бүхэнд буув.
9|2926652|3235440|Тэрээр өөрт байсан бүхнээ Иосефын гарт даатгаад, идэх хоолноосоо өөр юунд ч санаа тавихаа больжээ.
10|3276453|3470052|Иосеф чийрэг сайхан биетэй, үзэсгэлэнтэй сайхан эр байлаа.
11|3530734|3819456|Түүнээс хойш эзнийх нь эхнэр Иосефт харц чулуудаж —Надтай унтаач гэж хэлэв.
12|3883137|4000707|Харин Иосеф татгалзаж, эзнийхээ эхнэрт
13|4064873|4531186|—Харагтун, миний эзэн гэрийн доторх юунд ч санаа тавьдаггүй бөгөөд өөрийн эзэмшдэг бүхнээ тэрээр миний гарт өгсөн учир энэ гэрт надаас илүү их хүн байхгүй.
14|4576036|4752568|Та түүний эхнэр учир тэр танаас бусад юуг ч надад хориглоогүй.
15|4813074|5023960|Би яаж ийм ёрын муу хэрэг хийж, Бурхандаа нүгэл үйлдэх билээ? гэв.
16|5068104|5458433|Тэр эмэгтэй өдрөөс өдөрт Иосефыг ятгасаар байсан боловч тэрээр өөртэйгөө унт гэснийг нь ч, хамт бай гэснийг нь ч сонссонгүй.
17|5501475|5744069|Нэгэн өдөр Иосефыг ажилаа хийхээр гэрт ороход гэрийнхнээс нэг ч хүн тэнд байсангүй.
18|5799635|6171133|Тэр эмэгтэй түүний хувцаснаас чангааж — Надтай унтаач гэсэнд Иосеф түүний гарт хувцсаа орхиод, гадагш зугтан гарав.
19|6232785|6526711|Иосеф түүний гарт хувцсаа хаян зугтаж гарахыг хараад тэр эмэгтэй гэрийнхнээ дуудан тэдэнд
20|6588143|6779934|—Хараач, эзэн маань бидэнд еврей хүн авчирч түүгээр биднийг доромжлууллаа.
21|6816669|6922994|Тэр намайг хүчирхийлэх гэж над дээр орж ирлээ.
22|6948572|7027820|Тэгээд би чангаар хашхирсан.
23|7061997|7325936|Тэр миний чанга дуугаар хашхирахыг сонсоод хувцсаа миний дэргэд орхин гадагш зугтаж гарлаа гэв.
24|7361524|7557108|Тэрээр эзнийгээ гэртээ иртэл нь нөгөө хувцсыг дэргэдээ тавьж байв.
25|7579511|7696023|Тэгээд тэр түүнд нөгөө үгээ хэлж
26|7734566|8509536|—Чиний бидэнд авчирсан еврей боол намайг доромжлохоор над дээр орж ирээд, намайг дуугаа өндөрсгөн хашхирахад тэрээр хувцсаа миний дэргэд орхиод, гадагш зугтаж гарсан гэв. Эзэн нь “Чиний боол надад ийм юм хийлээ” гэж хэлсэн эхнэрийнхээ үгийг сонсоод уур нь шатжээ.
27|8551739|8756804|Тэгээд Иосефын эзэн түүнийг барьж, хааны хоригдлуудыг хорьдог шоронд хорив.
28|8787321|9287327|Иосеф шоронд хоригдож байсан ч ЭЗЭН Иосефтой хамт байж, түүнд энэрэл хайр үнэнээр хандаж, тэрээр шоронгийн ахлагчийн нүдэнд тааллыг олжээ.
29|9322563|9573889|Шоронгийн харгалзагч нь шоронд байсан бүх хоригдлыг Иосефын гарт даатгав.
30|9623061|9803782|Тэнд хийгдэх ажил болгонд Иосеф хариуцлагатай байв.
31|9845148|10395384|Шоронгийн харгалзагч нь Иосефын гар дор байсан зүйлийн өчүүхнийг нь ч хянадаггүй байлаа. Учир нь ЭЗЭН Иосефтой хамт байж, түүний хийсэн бүхнийг бүтэмжтэй болгожээ.
