verse|start|end|sentence
3|356416|1145894|Тэр үед Иуда ах дүү нараасаа салж, Адулламын Хира гэдэг хүн уруу хүрч очив. Иуда тэнд Шуа гэдэг канаан хүний охиныг олж хараад, түүнийг авч, түүн дээр оров. Мөнөөх нь жирэмсэлж хүү төрүүлэхэд Иуда түүнд Ер гэдэг нэр өгчээ.
4|1186951|1605725|Тэр бас дахин жирэмсэлж хүү төрүүлжээ. Түүнд Онан гэдэг нэр өгөв. Тэр бас дахин хүү төрүүлж хүүдээ Шела гэдэг нэр өгчээ.
5|1671963|1792091|Шелаг төрөхөд Иуда Хезибт байлаа.
6|1817846|2117020|Иуда ууган хүү Ертээ эхнэр авч өгөв. Түүний нэрийг Тамар гэдэг байв.
7|2160988|2462103|Иудагийн ууган хүү Ер нь ЭЗЭНий мэлмийд ёрын муу харагдсан тул ЭЗЭН түүнийг үхүүлжээ.
8|2486005|3003871|Иуда, Онанд —Чи ахынхаа эхнэр дээр орж, хадам дүүгийн хувьд үүргээ биелүүлж, ахынхаа төлөө үе залгамжлах үр удамтай болгож өг гэв.
10|3025833|3476623|Тэр үр нь өөрийнх нь болж чадахгүй гэдгийг Онан мэдээд ахынхаа эхнэр дээр орох үедээ ахдаа хүү заяалгахгүйн тулд үрээ газарт асгав.
11|3510492|3802610|Түүний хийсэн энэ үйл ЭЗЭНий мэлмийд ёрын муу харагдсан учир Тэр түүнийг бас үхүүлэв.
12|3826777|3943245|Иуда өөрийн бэр Тамарт
13|3977070|4265748|—Чи миний хүү Шелаг насанд хүртэл эцгийнхээ гэрт бэлэвсэн эмийн ёсоор суу гэжээ.
14|4300102|4672439|Учир нь тэрээр Шела бас ах нарынхаа нэгэн адил үхэх вий гэж боджээ. Тэгээд Тамар эцгийнхээ гэрт очиж суув.
15|4722889|4956134|Түүнээс нэлээд хойно Иудагийн эхнэр, Шуагийн охин үхжээ.
16|4996221|5378832|Иуда сэтгэлээ тайтгарсны дараа өөрийн найз адуллам хүн Хиратай хамт Тимна уруу явж, хонь хяргагчид дээрээ очив.
17|5415127|6005626|“Танай хадам эцэг Тимна уруу хонио хяргахаар гарчээ” гэдгийг Тамар сонсоод бэлэвсрэлийн хувцсаа тайлж, нөмрөгөөр биеэ ороон нүүрээ бүтээгээд Тимна орох замд байдаг Енаимын үүдэнд суув.
18|6032880|6353090|Учир нь тэрээр Шела насанд хүрснийг үзсэн боловч, өөрийг нь түүний эхнэр болгон өгсөнгүйнх болой.
19|6387885|6601461|Нүүрээ бүтээсэн байсан учир Иуда түүнийг хараад янхан гэж боджээ.
20|6623070|7358570|Тэрээр замын хажууд түүн дээр очоод, түүнийг өөрийнхөө бэр гэж таниагүй учир —Намайг өөр дээрээ оруул гэжээ. Нөгөөх нь —Та над юу өгч над дээр орох юм бэ? гэж асуусанд тэрээр — Би сүргээсээ нэг ишиг өгнө гэсэнд өнөөх нь
21|7405183|7601869|—Та түүнийгээ өгөхөөсөө өмнө надад барьцаа өгөх үү? гэжээ. Иуда
22|7622508|7776241|—Би чамд ямар барьцаа өгөх вэ? гэсэнд өнөөх нь
23|7812932|8049264|—Өөрийнхөө тамга түүний оосор бас гарт байгаа таягаа өг хэмээжээ.
24|8089748|8325639|Иуда тэдгээрийг түүнд өгөөд түүн дээр орсонд Тамар Иудагаас жирэмсэлжээ.
25|8372164|8607614|Тэрээр босож яваад, нөмрөгөө тайлж бэлэвсрэлийн хувцсаа дахин өмсөв.
26|8662563|9060697|Иуда тэр эмэгтэйн гараас барьцаагаа авахаар өөрийн найз адуллам хүнээр нэгэн ишиг илгээсэн боловч тэр бүсгүйг олж чадсангүй.
27|9099946|9188499|Тэгээд тэрээр тэндхийн хүнээс
28|9220560|10012860|—Замын хажууд Енаимд байсан янхан хаа байна вэ? гэж асуусанд тэд —Энд янхан байгаагүй гэжээ. Тэгээд тэрээр Иуда дээр эргэж ирээд — Би тэр бүсгүйг олж чадсангүй. Бас тэндхийн хүмүүс тэнд янхан байдаггүй гэж байна гэсэнд Иуда
29|10058813|10472515|—Бид ичгүүр болж магадгүй тул тэр бүсгүй тэдгээр зүйлийг авбал аваг. Харагтун, би түүнд энэ ишгийг явуулсан боловч чи түүнийг олсонгүй гэв.
30|10534122|10663909|Гурван сар орчмын дараа нэгэн хүн Иудад
31|10688208|11092384|—Танай бэр Тамар завхайрч, харагтун, завхайрлаасаа болж жирэмсэн болсон байна гэжээ. Иуда —Түүнийг гаргаж ирээд шатаа!
33|11166649|11371405|Тэр эмэгтэй баригдан гарах үедээ хадам эцэгтээ хэл явуулж,
34|11391647|11534002|Би эдгээр зүйлийн эзнээс болж жирэмсэн болсон
35|11561256|11904221|гээд цааш нь энэ тамга, түүний оосор хийгээд таяг хэнийх вэ гэдгийг нягталж болгооно уу? гэжээ.
36|11937958|12027878|Иуда тэдгээр зүйлийг таниад
37|12055705|12300107|—Би түүнд өөрийн хүү Шелаг өгөөгүй тул тэр надаас илүү зөв юм байна
38|12340238|12519372|гэж хэлэв. Тэгээд тэр түүнтэй дахин ойртсонгүй.
39|12578290|12755219|Түүнийг төрөх болоход, харагтун, хэвлийд нь хоёр ихэр байжээ.
40|12789661|13073400|Түүнийг төрөх үед нэгийнх нь гар гарч ирэхэд, эх баригч нь авч, улаан утас гарт нь уяж
41|13096553|13171082|—Энэ нь эхэлж гарлаа гэв.
42|13200364|13697504|Гэтэл нөгөө хүүхэд гараа буцаан татахад, харагтун, дүү нь гарч иржээ. Эх баригч — Чи яагаад тас дайраад гарч ирэв гэж хэлээд, түүнд Перез гэдэг нэр өгөв.
43|13742618|14007218|Дараа нь гартаа улаан утас уясан ах нь гарч ирсэнд түүнд Зера гэдэг нэр өгөв.
