verse|start|end|sentence
3|446203|594820|Иаков босож яваад, дорнынхны нутагт хүрчээ.
4|628777|965304|Түүний хартал, үзэгтүн, талд нэгэн худаг бас дэргэд нь гурван хэсэг хонин сүрэг хэвтэж байв.
5|999041|1127328|Учир нь хоньчид тэр худгаас хонио усалдаг аж.
6|1173853|1657939|Худгийнхаа амыг чулуугаар дараад, бүх сүргийг цуглах үед худгийн амнаас чулууг өнхрүүлэн зайлуулж хонио услаад дараа нь уг чулуугаа худгийн амсар дээр буцаан тавьдаг байжээ.
7|1707375|1754342|Иаков тэдэнд
8|1799368|1970829|—Ах дүү нар минь, нутаг хаана вэ? гэж асуусанд тэд
9|2002845|2091089|Бид Хараных гэжээ.
10|2117505|2491870|Иаков тэднээс —Та нар Нахорын ач хүү Лабаныг таних уу? гэхэд тэд — Бид танина гэв. Иаков тэдэнд
11|2520138|2801673|—Тэр сайн уу? гэсэнд тэд —Сайн. Түүний охин Рахел одоо хонио туугаад ирнэ гэж хариулав.
14|2900368|3239056|Харагтун, өдөр яагаа ч үгүй байна. Мал сүрэг цуглах цаг болоогүй байна. Хонио услаад, бэлчээрт гарга гэлээ.
16|3267633|3666474|Тэд —Бүх сүргийг цуглахаар хоньчид худгийн амнаас чулууг өнхрүүлэн зайлуулсны дараа бид хонио усалдаг тул одоо чадахгүй гэв.
18|3710353|3913125|Иаковыг тэдэнтэй ярьж байхад Рахел эцгийнхээ хонийг тууж ирлээ.
19|3932970|4001237|Тэрээр хоньчин байжээ.
20|4052172|4658018|Иаков, нагац ах Лабаны охин Рахел болон нагац ах Лабаны хонийг хараад ойртон очиж, худгийн амнаас чулууг өнхрүүлэн зайлуулаад нагац ах Лабаныхаа хонин сүргийг услав.
21|4709306|5191937|Тэгээд Иаков Рахелыг үнсээд чанга дуугаар уйлан, Рахелд өөрийгөө эцгийнх нь дүү Ребекагийн хүү болохоо мэдүүлтэл тэрээр гүйн очиж эцэгтээ мэдүүлэв.
22|5248032|5663013|Тэгтэл Лабан охин дүүгийнхээ хүү Иаковын тухай мэдээг сонсоод, түүнтэй уулзахаар гүйн очиж, тэврэн үнсээд гэртээ дагуулан оров. Иаков бүх зүйлээ Лабанд ярьжээ.
23|5685768|5823581|Иаков бүх зүйлээ Лабанд ярьжээ.
24|5851629|6175984|Лабан түүнд —Чи бол яах аргагүй миний яс махны тасархай мөн гэв.
26|6221804|6387444|Тэгээд Иаков түүнтэй нэг сар хамт суужээ.
27|6478642|6613544|Лабаны охидтой Иаков гэрлэсэн нь
28|6674358|6743331|Лабан, Иаковт
29|6821652|7110419|—Чи миний дүү гээд надад зүгээр л зарагдах гэж үү? Юугаар чамд хөлс төлөх вэ? Надад хэлээч гэв
30|7161134|7408447|Лабан хоёр охинтой бөгөөд томынх нь нэр Леа, багынх нь нэр Рахел.
31|7501145|7753485|Леа хараа муутай, харин Рахел нь нуруу гоолиг, царай үзэсгэлэнтэй ажээ.
32|7786913|7882345|Иаков Рахелд дурласан тул
33|7914671|8110342|—Би таны бага охин Рахелын төлөө долоон жил танд зарцлагдъя
34|8133010|8184210|гэсэнд Лабан
35|8215389|8444488|—Түүнийг өөр хүнд өгснөөс чамд өгсөн нь дээр. Надтай хамт бай гэжээ.
37|8493836|8693344|Иаков Рахелын төлөө долоон жил Лабанд зарцлагджээ.
38|8736915|8965530|Иаков түүнд хайртай байсан тул долоон жил нь түүнд хэдхэн хоног мэт байв.
39|8991019|9341923|Иаков Лабанд —Миний зарцлагдах хугацаа дууссан учир Би түүн дээр оръё. Эхнэрийг минь өгөгтүн! гэв.
41|9378747|9539932|Лабан тэр нутгийн бүх эрчүүдийг цуглуулан найр хийлээ.
42|9578431|9766474|Үдэш нь Лабан тэнд охин Леагаа авчирсанд Иаков түүн дээр оржээ.
43|9816792|10043510|Лабан зарц бүсгүй Зилпагаа охин Леадаа шивэгчин болгон өгчээ.
44|10082406|10212325|Иаков өглөө нь хартал тэнд нь Леа байв.
45|10237021|10311903|Тэгээд тэрээр Лабанд
46|10367248|10430135|—Та надад юу хийчихэв ээ?
47|10461887|10591541|Би Рахелын төлөө танд зарцлагдсан биш үү?
48|10617383|10704701|Та юунд намайг мэхэлнэ вэ?
49|10745053|10785933|гэхэд Лабан
50|10849393|11026190|—Манай нутагт эгчээс нь түрүүлж дүүг нь өгөх ёс байхгүй.
51|11061073|11163209|Ёсолсонтойгоо долоо хоногийг гүйцээ.
52|11184201|11276502|Тэгээд бид чамд нөгөөг нь бас өгнө.
53|11310018|11537927|Чи түүний төлөө надад дахин долоон жил зарцлагдах болно гэв.
54|11561785|11688484|Тэгээд Иаков хэлсэн ёсоор нь хийжээ.
55|11723279|12013942|Иаков тэр долоо хоногийг гүйцээсэнд Лабан түүнд охин Рахелаа ч эхнэр болгон өгчээ.
56|12053456|12267870|Лабан зарц бүсгүй Билхагаа охин Рахелдаа шивэгчнээр өглөө.
57|12315895|12660404|Иаков бас Рахел дээр орж, түүнийг Леагаас илүү хайрлан, дахин долоон жил Лабанд зарцлагджээ.
58|12720953|12913891|Леа хайр хүртээгүйг ЭЗЭН үзээд Леагийн умайг нээв.
59|12943570|13040722|Харин Рахел нь хүүсэр байжээ.
60|13100654|13342190|Леа жирэмсэлж хүү төрүүлээд, түүнийгээ Реубен гэж нэрлэв. Тэгээд тэрээр
61|13384394|13756024|—ЭЗЭН, миний зовлон зүдүүрийг харсан учир одоо миний нөхөр намайг хайрлах болно гэж хэлжээ. Тэр бас дахин жирэмсэлж хүү төрүүлээд
62|13811546|14180310|—Хайр хүртээгүйг минь ЭЗЭН сонсоод надад энэ хүүг бас өглөө гээд түүнийгээ Симеон гэж нэрлэжээ.
64|14233671|14341496|Тэр бас жирэмсэлж дахин хүү төрүүлээд
65|14431725|14648211|—Би түүнд гурван хүү төрүүлж өгсөн учир миний нөхөр одоо надтай холбогдох болно
66|14677317|14780114|гээд түүнийгээ Леви гэжээ.
67|14844677|15197786|Тэр бас жирэмсэлж, дахин хүү төрүүлээд —Энэ удаа би ЭЗЭНийг магтана гээд түүнийгээ Иуда гэв.
69|15232051|15372289|Тэгээд түүний хүүхэд төрүүлэх нь зогсжээ.
