verse|start|end|sentence
1|377672|756226|Абрахам тэндээс Негевийн нутаг уруу нүүж, Кадеш, Шур хоёрын хооронд суурьшаад, дараа нь Герарт түр зуур буудаллав.
2|815938|1248338|Тэр үедээ Абрахам өөрийн эхнэр Сараг миний дүү охин гэж хэлсэн учир Герарын хаан Абимелех хүн илгээж, Сараг авчиржээ.
3.1|1310431|1725721|Гэтэл Бурхан шөнөөр Абимелех дээр зүүдэнд нь хүрч ирээд, түүнд хэлсэн нь —Чи авсан энэ эмэгтэйгээсээ болж үхнэ.
3.2|1748917|1933035|Учир нь тэр эмэгтэй бол гэрлэсэн эмэгтэй гэв.
4.1|1992129|2347928|Абимелех тэр эмэгтэйтэй ойртоогүй байсан тул —Эзэн минь ээ! Та зөвт үндэстнийг устгах гэж үү?
5.1|2364906|2512597|Тэрээр надад “Энэ миний дүү охин” гэж хэлсэн биш үү?
5.2|2543776|2694113|Энэ эмэгтэй ч бас өөрөө “Энэ миний ах” гэж хэлсэн.
5.3|2717133|2988480|Би энэ хэргийг гэмгүй зүрх, зэмгүй цэвэр гараар үйлдсэн билээ гэв.
6.1|3022084|3384454|Бурхан түүнд зүүдэнд нь —Тийм ээ, чи үүнийг гэмгүй зүрхээр үйлдсэнийг Би мэднэ.
6.2|3425643|3752204|Мөн чамайг Миний эсрэг нүгэл хийхээс хамгаалсан нь Би бөгөөд чамайг Би түүнд хүргүүлээгүй юм.
7.1|3787087|3876301|Одоо чи тэр хүний эхнэрийг буцаа.
7.2|3892089|4080969|Тэр бол эш үзүүлэгч мөн бөгөөд тэрээр чиний төлөө залбирна.
7.3|4093097|4188838|Тэгээд чи амьд үлдэх болно.
7.4|4243302|4594999|Хэрэв чи түүнийг буцаахгүй бол чи болон чиний харьяат бүхэн зайлшгүй үхэх болно гэдгийг мэдэж ав гэв.
8|4658283|4997412|Абимелех өглөө эрт босоод хамаг зарц нараа дуудаж, тэдэнд энэ зүйлийг бүгдийг хэлсэнд тэд ихэд айв.
9.1|5035823|5265319|Абимелех, Абрахамыг дуудаж —Чи бидэнд юу хийчихэв ээ?
9.2|5297468|5602772|Би чиний эсрэг ямар нүгэл хийсэн болоод чи намайг болон миний хаант улсыг ийм их нүгэлд унагах гээ вэ?
9.3|5627248|5765634|Чи хийх ёсгүй юмыг надад хийлээ гэв.
10|5814717|6032042|Абимелех, Абрахамд —Чи ямар учраас ингэсэн бэ?
11|6060045|6449801|гэхэд Абрахам —Энэ газарт Бурханаас айж эмээнэ гэж байхгүй тул тэд эхнэрээс минь болж намайг ална гэж бодсон билээ.
12.1|6477099|6739362|Тэгээд ч Сара үнэхээр миний дүү охин, миний эцгийн охин харин миний ээжээс төрөөгүй.
12.2|6797926|6884362|Тиймд тэр миний эхнэр болсон.
13.1|6909146|7075271|Бурхан намайг эцгийн минь гэрээс гаргаж тэнүүчлүүлэхэд би түүнд
13.2|7103672|7274691|Бидний очсон газар бүрд чи намайг «Энэ миний ах» гэж хэлээрэй.
13.3|7324392|7534529|Тэр чинь чиний надад үзүүлэх энэрэл хайр мөн гэж хэлсэн юм гэв.
14.1|7620127|7921021|Абимелех бог мал, үхэр сүрэг, эрэгтэй, эмэгтэй зарц нарыг авч Абрахамд өгчээ.
14.2|7985407|8123925|Бас түүний эхнэр Сараг ч түүнд буцаан явуулжээ.
15.1|8154045|8358493|Абимелех —Харагтун, газар нутаг минь чиний өмнө байна.
15.2|8378867|8526999|Чи хаа дуртай газартаа амьдар гэв.
16.1|8565587|8802977|Тэр бас Сарад —Харагтун, би ахад чинь мянган шекел мөнгө өглөө.
16.2|8821675|8974350|Энэ бол чамтай байгч бүгдийн нүднээ чиний хөрх болой.
16.3|9000369|9097477|Чи бүхний өмнө цагаадлаа гэв.
17|9191586|9567230|Абрахам, Бурханд залбирсанд Абимелех болон түүний эхнэр, шивэгчингүүдийг Бурхан эдгээж, тэд хүүхэд төрүүлжээ.
18|9589721|9969907|Учир нь Абрахамын эхнэр Сарагаас болж Абимелехийн гэр бүлийнхний умай бүрийг ЭЗЭН хаасан байжээ.
