verse|start|end|sentence
2|220235|814923|Иосеф Фараонд очоод — Миний эцэг болон ах нар маань мал сүрэг, хамаг эд хөрөнгөө авч, Канаанаас хүрч ирээд одоо Гошен нутагт байна гээд, ах нараасаа таван хүнийг авч, Фараонд бараалхуулжээ. 
3|854613|1089005|Фараон түүний ах нараас — Та нар юу хийдэг улс вэ? гэж асуусанд тэд
5|1112334|1302008|Таны зарц бид ч, бидний эцэг өвгөд ч бас хоньчид гэв.
6|1341389|1796545|Тэд бас Фараонд — Канаан нутагт болсон хүнд хэцүү ган гачигт таны зарц бидний мал сүрэг бэлчээргүй болсон тул бид энд цагаачлахаар хүрч ирлээ.
8|1819433|2006417|Тиймээс зарц нараа Гошен нутагт суулгаж өгнө үү? гэж хэлэв.
10|2157195|2295493|Чиний эцэг болон ах нар чинь чам дээр хүрч ирсэн байна.
11|2330244|2759337|Египетийн нутаг чиний өмнө байна. Чи эцгээ, ах нараа энэ нутгийн хамгийн сайн газарт суулга. Тэднийг Гошен нутагт суулга.
12|2790559|3064553|Хэрэв тэдний дунд чадвартай сайн хүмүүс байгааг мэдвэл миний мал сүргийг тэдэнд хариуцуул гэв.
13|3102655|3271867|Иосеф, эцэг Иаковаа дагуулж ирээд Фараонд бараалхуулжээ.
14|3315041|3401918|Иаков, Фараоныг ерөөв. 
16|3527250|3594150|Таны нас сүүдэр хэд вэ?
17|3630091|3913830|гэж асуусанд Иаков, Фараонд — Цагаачилж явсан хоногууд минь зуун гучин жил болж байна.
19|3950830|4174902|Миний амьдралын жилийн өдрүүд цөөн бөгөөд би хүнд бэрхийг тууллаа.
20|4212740|4451674|Харин цагаачилж явсан эцэг өвгөдийнхөө жилийн өдрүүдэд нас минь хүрээгүй гэв.
21|4490747|4641260|Иаков, Фараоныг ерөөгөөд тэндээс гарч одов.
22|4677554|5165609|Иосеф, Фараоны тушаасан ёсоор эцэг болон ах нараа тэнд суулгаж, Египетийн хамгийн сайн газар Рамесес нутгийг тэдэнд өмч болгон өгчээ.
23|5202124|5552939|Иосеф өөрийн эцэг, ах нар болон эцгийнхээ бүх гэр бүлийг хүүхдүүдийнх нь тоогоор талхаар хангах болжээ.
24|5589983|5684886|Египетэд болсон өлсгөлөн
25|5722636|6151641|Өлсгөлөнд үлэмж нэрвэгдсэнээс бүх нутагт талх тариагүй болж, Египет болон Канаан нутаг өлсгөлөнгөөс болж үгүйрэн туйлджээ.
26|6188641|6439702|Египет болон Канаан нутгийнхны үр тариа худалдаж авсан бүх мөнгийг Иосеф цуглуулав.
27|6475555|6624393|Тэгээд Иосеф мөнгийг Фараоны ордонд авчрав.
28|6662142|6887714|Египет болон Канаан нутгийн мөнгө дуусахад, египетчүүд бүгдээр Иосефт ирж
29|6926213|7094499|—Бидний хамаг мөнгө дууссан. Бидэнд талх тариа өгөөч.
30|7119812|7220007|Бид яагаад таны өмнө үхэх ёстой юм бэ?
31|7255773|7402096|гэсэнд, Иосеф — Та нар малаа авчирч өг.
33|7443771|7668504|Хэрэв мөнгө чинь дууссан бол малын чинь оронд би түүнийг чинь өгье гэжээ.
35|7705416|7831278|Тиймээс тэд мал сүргээ Иосефт авчирч өгөв.
36|7872423|8168290|Иосеф тэдний авчирсан адуу, хонь, ямаа, үхэр болон илжигний оронд талх тариа өгчээ.
37|8204275|8405019|Иосеф бүх мал сүргийнх нь оронд тэднийг тэр жилдээ талх тариагаар хангав.
38|8467288|8623402|Тэр жил өнгөрч, дараачийн жил нь тэд Иосефт ирж
39|8660710|8878300|—Мөнгө дуусаж, мал сүрэг маань эзэнд минь байгааг бид эзнээсээ нуух юун.
40|8907141|9140562|Эзний минь өмнө өөрсдийн минь зовлого, газар нутгаас маань өөр юу ч үлдсэнгүй.
41|9178400|9363841|Бид ч, газар нутаг маань ч таны нүдэн дээр яагаад үхэх ёстой юм бэ?
42|9399033|9560130|Биднийг болон газар нутгийг маань талх тариагаар арилжиж аваач!
43|9596777|9728283|Бид газар нутагтайгаа хамт Фараоны зарц болцгооё.
44|9765063|10031779|Бид үхэлгүй, амьд байж газар нутаг маань хоосрохгүйн тулд үр тариа хайрлаач гэв.
45|10072131|10255587|Тиймээс Иосеф Египетийн бүх газрыг арилжиж аваад Фараонд өгчээ.
46|10293204|10566448|Хүнд хэцүү өлсгөлөнд нэрвэгдсэнээс болж, Египетийн хүн бүр өөрийнхөө газрыг худалдав.
47|10603359|10725164|Ийнхүү газар Фараоных болжээ.
48|10767103|11062485|Иосеф Египетийн нутгийн нэг захаас нөгөө зах хүртэл хүмүүсийг нь хотуудад нүүлгэн шилжүүлжээ.
49|11086387|11222347|Зөвхөн тахилчдын газрыг л арилжсангүй.
50|11258465|11638431|Учир нь тахилчид Фараонаас тогтсон орлоготой, Фараонаас өгдөг тогтсон орлогоор тэд амьдардаг учраас тэд газраа худалдсангүй.
51|11686941|12034404|Иосеф ард түмэнд —Харагтун, би та нарыг болон та нарын газрыг өнөөдөр Фараонд арилжиж авлаа.
54|12063334|12240528|Энд үр тариа байна. Одоо газар хөрсөндөө тариалцгаа!
55|12300151|12847212|Та нар ургацаа хураахдаа тавны нэгийг нь Фараонд өгөөд, үлдсэн дөрвөн хувийг нь харин өөртөө, талбайд тарих үр ба өөрсдөдөө бас гэрийнхэндээ, үр хүүхдүүддээ хоол хүнс болго!
56|12885402|13319699|гэсэнд тэд —Та бидний амийг аварлаа. Бид эзнийхээ нүдэнд тааллыг олох болтугай! Бид Фараоны зарц болцгооё гэлээ.
58|13355111|13646965|Иосеф тавны нэг нь Фараонд хамаарах газрын тухай тогтоол гаргасан нь өнөөдрийг хүртэл хүчинтэй ажээ.
59|13681010|13839021|Зөвхөн тахилчдын газар л Фараоных болсонгүй.
60|13876902|13972996|Иаковын сүүлчийн өдрүүд
61|14010173|14344583|Израильчууд Египет нутагт, Гошен газар нутаглан сууж, тэд тэндээ суурьшиж, үржин маш их олшров.
62|14384097|14760314|Иаков Египетийн нутагт арван долоон жил амьдран сууж, түүний амьдралын хоногууд зуун дөчин долоон жил болов.
63|14801018|14988443|Израилийн үхэх хоног нь ойртоход хүү Иосефоо дуудаж, түүнд
64|15026589|15136663|—Би одоо чиний нүдэнд тааллыг олсон бол
65|15174986|15279547|чи гараа миний өгзгөн доогуур хийж,
66|15302876|15540222|надад энэрэл хайр ба үнэнээ харуулан, намайг Египетэд битгий оршуулаарай!
67|15577398|16011607|Харин өвөг дээдэстэйгээ хамт нойрсох цагт минь чи намайг Египетээс аваачиж, тэднийг нутаглуулсан газарт оршуулаарай! гэжээ.
70|16119520|16212968| Би таны үгээр хийнэ гэж хэлэв.
72|16314971|16719985|—Надад тангарагла гэсэнд Иосеф түүнд тангараглаж, Израиль орныхоо толгойн дэргэд сөгдөн мөргөв.
