verse|start|end|sentence
2|295073|536211|Рахел өөрөө Иаковт хүү төрүүлж чадаагүйгээ хараад эгчдээ атаархаж, Иаковт
3|620531|759975|—Хүү өг. Хэрэв тэгэхгүй бол би үхнэ гэжээ.
4|830844|904005|Иаков, Рахелд уурлан
5|946165|1136853|—Чамд умайн үрийг эс зөвшөөрсөн Бурханыг би орлох хэрэг үү?
6|1164372|1565902|гэсэнд Рахел —Энд миний шивэгчин Билха байна. Түүн дээр ор! Тэр миний өвдөг дээр төрж, түүгээр би хүүхэдтэй болно
7|1591833|1788343|гээд өөрийн шивэгчин Билхаг түүнд татвар эм болгон өгчээ.
8|1821726|1891184|Иаков түүн дээр оржээ.
9|1920599|2104584|Билха жирэмсэлж Иаковт хүү төрүүлж өгөв. Рахел
10|2170205|2349339|—Бурхан намайг зөвтгөж миний дууг сонсоод надад хүү хайрлалаа
11|2375005|2494163|гээд түүнийг Дан гэж нэрлэжээ.
12|2554977|2820239|Рахелын шивэгчин Билха дахин жирэмсэлж, Иаковт хоёр дахь хүүгээ төрүүлж өгөв. Рахел
13|2861604|3132996|—Би эгчтэйгээ ширүүн өрсөлдөж дийллээ гээд түүнд Нафтали гэдэг нэр өгчээ.
14|3187989|3484914|Леа хүүхэд төрүүлэхийг больсноо хараад, шивэгчин Зилпагаа авч Иаковт татвар эм болгон өгчээ.
15|3509963|4099095|Леагийн шивэгчин Зилпа, Иаковт хүү төрүүлж өгөв. Леа —Ямар азтай вэ? гээд түүнийг Гад гэж нэрлэжээ. Леагийн шивэгчин Зилпа Иаковт хоёр дахь хүүгээ төрүүлж өгчээ. Леа
16|4127495|4500537|—Би баяр хөөртэй байна. Эмэгтэйчүүд намайг аз жаргалтай гэж дуудах болно гээд түүнийг Ашер гэж нэрлэжээ.
17|4556456|4932585|Буудай хураах үеэр Реубен гадагш гарч, талбайгаас хүндэс олоод, ээж Леадаа авчирч өгчээ. Рахел Леад
18|4992252|5165388|—Хүүгийнхээ олсон хүндэснээс надад өгөөч? гэв. Леа түүнд
19|5199522|5490185|—Миний нөхрийг авсан чинь багадаа юу? Чи бас миний хөвгүүний хүндсийг авах нь уу? гэв. Рахел
20|5524098|5774630|—Тэгвэл таны хүүгийн хүндэсний оронд өнөө шөнө миний нөхөр тантай унтаж болно гэв.
21|5835312|6071379|Иаковыг талбайгаасаа үдэш эргэж ирэхэд Леа түүнтэй уулзахаар гараад түүнд
22|6130076|6378712|—Хүүгийнхээ хүндсээр би таныг зольж авсан учир өнөө шөнө над дээр орох ёстой гэв.
23|6407641|6526138|Тэгээд тэр шөнө Иаков түүнтэй унтжээ.
24|6561242|6883039|Бурхан, Леаг сонссон учир Леа жирэмсэлж тав дахь хүүгээ Иаковт төрүүлж өгөв. Леа
25|6924978|7258330|—Би шивэгчнээ нөхөртөө өгсөн тул Бурхан хөлсийг нь надад өглөө гээд түүний нэрийг Иссахар гэжээ.
26|7325892|7553051|Леа дахин жирэмсэлж зургаа дахь хүүгээ Иаковт төрүүлж өгөв. Леа
27|7616025|7940734|—Бурхан надад сайхан бэлэг өглөө. Би нөхөртөө зургаан хүү төрүүлж өгсөн учир тэрээр надтай хамт амьдрах болно
28|7994227|8131643|гээд түүнийг Зебулун гэж нэрлэжээ.
29|8175302|8352760|Дараа нь тэрээр охин төрүүлээд түүнийг Дина гэж нэрлэв.
30|8408899|8643864|Бурхан Рахелыг дурсан санаж, түүнийг сонсоод умайг нь нээж өгчээ.
31|8667281|8771181|Тэгээд тэрээр жирэмсэлж хүү төрүүлээд
32|8807343|9064799|—Бурхан миний ичгүүрийг арилгаж өглөө хэмээн хүүгээ Иосеф гэж нэрлээд
33|9092097|9266424|—ЭЗЭН надад бас нэг хүү нэмж өгөх болтугай! гэжээ.
34|9325606|9433210|Иаковын сүрэг өсөн дэвжив
35|9494509|9639863|Рахел Иосефыг төрүүлэх үед Иаков Лабанд
36|9685550|9873328|—Намайг явуулаач. Намайг өөрийн нутаг, эх оронд минь буцаагаач!
37|9911210|10187452|Миний танд зарцлагдаж байгаад авсан эхнэр, хүүхдүүдийг минь надад өгч, намайг явуулаач!
38|10218102|10457477|Танд хэрхэн зарцлагдсаныг минь та мэднэ шүү дээ гэв. Лабан түүнд
39|10510397|10696631|—ЭЗЭН чиний төлөө намайг ерөөснийг би зөн совингоороо мэдсэн.
40|10769793|11001671|Хэрэв би тааллыг чинь олсон бол чи ажлын хөлсөө өөрөө тогтоо. Би өгье
41|11031879|11126474|гэж хэлэв. Иаков түүнд
42|11182304|11445096|—Би танд хэрхэн зарцлагдсаныг болон над дээр таны мал сүрэг ямар болсныг та мэднэ шүү дээ.
43|11487079|11712298|Намайг ирэхийн өмнө таны эд хөрөнгө бага байсан, одоо үлэмж өсөн нэмэгдлээ.
44|11740610|11864575|Алхам бүрд минь ЭЗЭН таныг ерөөсөн.
45|11898047|12153563|Би одоо хэзээ өөрийнхөө гэр орны төлөө ажиллах юм бэ? гэв. Лабан
46|12182316|12310911|—Би чамд юу өгөх вэ? гэсэнд Иаков
47|12352013|12705739|—Надад юу ч бүү өг! Хэрэв миний төлөө энэ зүйлийг хийвэл би таны мал сүргийг дахин хариулж хамгаалъя.
49|12748295|12982113|Өнөөдөр би таны хонин сүргийн дундуур явж алаг, цоохор, хар хоньд
50|13004781|13238511|бас алаг, цоохор ямаануудыг ялган авна. Тэдгээр нь миний хөлс болно.
51|13297340|13623504|Дараа нь та хөлсний талаар намайг шалгах гэж ирэхэд миний үнэнч шударга байдал намайг гэрчилж батлах болно.
52|13650978|14152527|Ямаан сүргийн дунд алаг болон цоохор биш ямаа, хонин сүргийн дунд хар биш хонь байвал бүгдийг нь намайг хулгайлсанд тооцоорой гэсэнд Лабан
53|14194863|14334219|—За, чиний хэлсэн ёсоор болъё! гэв.
54|14394504|14865492|Лабан тэр өдрөө алаг, цоохор эр ямаа мөн харлаг, хар цоохор эм ямаа, хар хоньдыг ялган, хөвгүүдийнхээ гарт өгчээ.
55|14905800|15253352|Тэрээр Иаковаас гурав хоногийн зайтай газар бууж, Иаков Лабаны үлдсэн хонин сүргийг хариулсаар байлаа.
56|15307992|15662423|Иаков бургас, гүйлс, уянгат модны залуу ногоон мөчрийг аваад, хальсыг нь хуулан, цагаан судал гаргажээ.
57|15690250|16053105|Тэрээр хальсыг нь хуулсан мөчрүүдээ худгийнхаа онгоцнуудын дэргэд босгож, ус уухаар ирсэн хонины эгц өмнө нь байхаар тохируулжээ.
58|16099057|16394175|Хоньд ус уух үед мөчрийн өмнө хээл авсан тэдгээр хоньд алаг, эрээн цоохор хурга гаргажээ.
59|16446521|16851051|Иаков хургануудыг ялгаж, Лабаны хонин сүргээс алаг, хар зүсмийн хоньдыг Лабаны сүргийн нөгөө талд нь ялгав.
60|16871689|17038123|Өөрийнхөө сүргийг Лабаны сүрэгтэй холилдуулалгүй тусгаарлав.
61|17104802|17515461|Тарга хүчтэй хоньд хээл авах үед Иаков сүргийн нүдний өмнө, онгоцонд нөгөө мөчрөө тавьж, тэдгээр хоньд мөчрийн дэргэд хээлтдэг байжээ.
62|17558856|17721893|Харин хоньд тарга хүчгүй байвал нөгөө мөчрөө тавьдаггүй байв.
63|17753778|18052952|Ингээд тарга хүчгүй хонь нь Лабаных болж, тарга хүчтэй хонь нь Иаковынх болжээ.
64|18090525|18525528|Ингэж тэр хүн арвинаас арвин хөрөнгө, олон мал сүрэг, эрэгтэй эмэгтэй зарц нар, тэмээ бас илжигтэй болжээ.
