verse|start|end|sentence
2|214105|332514|Иаковынхан Египет явсан нь
3|374629|752081|Тэгээд Израиль хамаг хөрөнгө хогшилоо авч хөдлөөд, Беершебад ирж эцэг Исаакийнхаа Бурханд нядлах тахил тахив.
4|809940|904226|Шөнө нь Бурхан Израильд үзэгдэж
5|946694|1193522|—Иаков аа! Иаков аа! гэж дуудахад Иаков — Би энд байна гэж хариулав.
6|1219320|1427781|Бурхан — Би Бурхан байна. Чиний эцгийн Бурхан байна.
8|1482068|1753019|Чи Египет уруу явахаасаа бүү ай. Би тэнд чамайг агуу үндэстэн болгоно.
9|1803204|2013385|Би чамтай хамт Египетэд очоод, чамайг заавал буцааж авчирна.
10|2033936|2233973|Иосеф өөрийн гар дээр чамайг нүд аниулах болно гэжээ.
11|2281778|2396570|Иаков Беершебагаас хөдөлжээ.
12|2442610|2783371|Израилийн хөвгүүд эцгийг нь авчруулахаар Фараоны илгээсэн тэргэнд эцэг Иаков болон эхнэр хүүхдүүдээ суулгажээ.
13|2811110|3006164|Тэд бас мал сүргээ, Канаан нутагт хуримтлуулсан эд хөрөнгөө авав.
14|3051940|3247965|Иаков болон түүний үр удам бүгдээрээ Египетэд очлоо. 
15|3275174|3625416|Ийнхүү Иаков хөвгүүд, ач хөвгүүд, охид, ач охид болон бүх үр удмаа дагуулаад Египетэд очжээ.
16|3670134|3858529|Египетэд очсон Израилийн гэр бүлийнхний нэр ийм билээ.
17|3905672|4066064|Иаков болон Иаковын ууган хүү Реубен.
18|4097331|4293135|Реубений хөвгүүд Ханох, Паллу, Хезрон, Карми.
19|4328988|4654005|Симеоны хөвгүүд Иемуел, Иамин, Охад, Иахин, Зохар, канаан эмэгтэйгээс төрсөн Шаул.
20|4688006|4839489|Левийн хөвгүүд Гершон, Кохат, Мерари. 
21|4873226|5252265|Иудагийн хөвгүүд Ер, Онан, Шела, Перез, Зера нар бөгөөд харин Ер, Онан хоёр Канааны нутагт үхжээ.
22|5296983|5424035|Перезийн хөвгүүд Хезрон ба Хамул. 
23|5465136|5649474|Иссахарын хөвгүүд Тола, Пува, Иов болон Шимрон.
24|5678492|5871209|Зебулуны хөвгүүд Серед, Елон, Иахлеел билээ.
25|5916456|6415668|Эд бүгд Паддан-Арамд Леагийн Иаковт төрүүлж өгсөн хөвгүүд бөгөөд түүний охин Дина, түүний охид, хөвгүүд бүгд нийлээд гучин гурван хүн байв.
26|6458048|6762558|Гадын хөвгүүд нь Зифион, Хагги, Шуни, Езбон, Ери, Ароди, Арели билээ.
27|6788136|7080343|Ашерын хөвгүүд нь Имна, Ишва, Ишви, Бериа, тэдний охин дүү нь Сера болой.
28|7126912|7267724|Бериагийн хөвгүүд нь Хебер, Малхиел хоёр.
29|7298550|7643941|Эдгээр нь Лабан өөрийн охин Леад авч өгсөн Зилпагийн Иаковт төрүүлж өгсөн арван зургаан хүн билээ.
30|7689143|7903998|Иаковын эхнэр Рахелын хүүхдүүд нь Иосеф, Бениамин хоёр юм.
31|7944923|8309366|Оны тахилч Потиферагийн охин Асенатаас Египет нутагт Иосефт төрүүлж өгсөн Манассе, Ефраим хоёр.
32|8355979|8781853|Бениамины хөвгүүд нь Бела, Бехер, Ашбел, Гера, Нааман, Ехи, Рош, Муппим, Хуппим, Ард билээ.
33|8812811|8998296|Эд бүгд Иаковт Рахелын төрүүлж өгсөн хөвгүүд билээ.
34|9043454|9147398|Бүх хүн нийлээд арван дөрвүүл юм.
35|9193879|9522027|Даны хүү нь Хушим. Нафталийн хөвгүүд нь Иахзеел, Гуни, Иезер, Шиллем.
37|9544871|9930746|Эдгээр нь Лабан өөрийн охин Рахелд авч өгсөн Билхагаас Иаковт төрүүлж өгсөн хөвгүүд бөгөөд бүгд долоон хүн юм.
38|9978683|10267758|Египетэд Иаковтай хамт ирсэн хүмүүс нь түүний бэрүүдээс гадна жаран зургаан хүн байв.
39|10296027|10428768|Эдгээр нь бүгд Иаковаас гарсан хүмүүс юм.
40|10473573|10825535|Египетэд төрсөн, Иосефын хөвгүүн хоёр бөгөөд Египетэд ирсэн Иаковынхан бүгд далан хүн болой.
42|11062220|11406950|Иаков Гошен уруу замчлуулахаар Иудаг урьдаар Иосефт илгээж, улмаар тэд Гошен нутагт хүрэлцэн иржээ.
43|11442141|11928388|Иосеф сүйх тэргээ бэлтгэж, эцэг Израильтайгаа уулзахаар Гошенд хүрч очоод, түүнийг өмнөө үзэгдмэгц хүзүүдэн авч, хүзүүгээр нь тэврээд удтал уйлав.
45|12041019|12302091|—Чиний амьд байгааг харж, царай зүсийг чинь үзсэнээс хойш би одоо үхсэн ч яах вэ гэв.
46|12351483|12480785|Иосеф өөрийн ах дүү нар болон эцгийнхэндээ
47|12527663|12998078|—Би очиж Фараонд хэлье. Би түүнд “Канаанд байсан ах дүү нар болон эцгийнхэн маань над дээр хүрч ирлээ. Тэд бол хоньчид, угаасаа мал малласаар ирсэн улс.
48|13019951|13536362|Тэд мал сүргээ, хамаг эд хөрөнгөө авч иржээ” гэе. Фараон та нарыг дуудаж “Та нар юу хийдэг улс вэ?” гэж асуухаар нь, египетчүүдэд хоньчид жигшүүртэй байдаг тул та нар
49|13560264|13834875|“Таны зарц нар болон бидний эцэг өвгөд хар багаасаа өдий хүртэл мал малласаар ирлээ” гэж хэлээрэй.
50|13861600|14026710|Тэгвэл та нарыг Гошен нутагт байлгах болно гэв.
