verse|start|end|sentence
1.1|335512|714905|Абрамыг ерэн есөн настай байхад ЭЗЭН, Абрамд үзэгдэж —Би бол Төгс Хүчит Бурхан.
1.2|743085|903035|Чи Миний өмнө явж, гэм зэмгүй байгтун.
2|928216|1269859|Чи бид хоёрын хооронд Би гэрээ байгуулж, Чамайг улам өнөр болгоно гэв.
3|1306594|1476864|Абрам нүүрээрээ газар унасанд Бурхан түүнд хандан
4|1527183|2026924|—Миний хувьд, харагтун, Чамтай байгуулах Миний гэрээ бол: Чи тоо томшгүй олон үндэстний эцэг өвөг болно.
5|2063615|2592639|Би чамайг олон үндэстний эцэг болгосон учир Үүнээс хойш чамайг Абрам гэж дуудахгүй харин Абрахамд гэх болно.
6|2638062|3028479|Би чамайг улам улмаар үржүүлэн чамаас үндэстнүүдийг бий болгож, чамаас хаад гарах болно.
7|3060275|3854781|Би чиний мөн чамаас хойших үр удмын чинь Бурхан байхын тулд Өөрийнхөө гэрээг чи бид хоёрын болон чамаас хойших чиний үр удмын хооронд, үе үеийнхэнд чинь мөнхийн гэрээ болгон тогтооно.
8|3897425|4538639|Чиний цагаачилж суугаа энэ нутаг буюу Канааны бүх газар нутгийг чамд болон чиний дараах үр удамд чинь Би үүрдийн өмч болгон өгөөд, тэдний Бурхан нь болно гэв.
9|4598748|5020696|Тэгээд Бурхан, Абрахамд хэлэхдээ —Чи болоод чамаас хойших үр удам чинь үеийн үед Миний гэрээг сахигтун!
10.1|5070882|5180382|Эр хүйстэн болгон хозлуулах ёстой.
10.2|5210767|5500240|Чи болон чамаас хойших үр удмын чинь сахих ёстой Миний гэрээ энэ юм.
11.1|5544604|5653046|Та нар тээрхийн арьсаа тануулагтун!
11.2|5668481|5876104|Энэ нь чи бид хоёрын хооронд байгуулсан гэрээний тэмдэг болно.
12|5918043|6597183|Хойч үеийнхний чинь эр хүйстэн бүр мөн гэрт чинь төрсөн, та нарын үр удмын бус аливаа хүн болон гаднын хүнээс мөнгөөр худалдаж авсан боол ч бай бүгд найм хоногтойдоо хозлуулах ёстой.
13.1|6645473|6875410|Чиний гэрт төрсөн нь ч, мөнгөөрөө худалдаж авсан нь ч заавал хозлуулах ёстой.
13.2|6921583|7171365|Миний гэрээ та нарын бие махбодод мөнхийн гэрээ болох болно.
14.1|7215201|7519887|Хозлуулаагүй буюу тээрхийн арьсаа тануулаагүй эр хүйстэн нь ард түмнээсээ таслагдах болно.
14.2|7546744|7752471|Учир нь тэрээр Миний гэрээг зөрчсөн юм гэв.
15|7804597|8292564|Бурхан, Абрахамд —Чиний эхнэр Сараин хувьд чи түүнийг Сараи гэж дуудахгүй харин түүний нэр Сара байх болно.
16.1|8331945|8555267|Би түүнийг ерөөж, түүгээр чамд хүү өгөх болно.
16.2|8598441|9092317|Би түүнийг ерөөж, түүгээр үндэстнүүдийг бий болгох бөгөөд үндэстнүүдийн хаад түүнээс гарна гэж айлдав.
17|9141444|9766694|Тэгэхэд Абрахам нүүрээрээ газар унан инээж —Зуун настай хүнд хүү төрнө гэж үү? Ерэн настай Сара хүүхэд төрүүлнэ гэж үү? гэж зүрхэн дотроо хэлжээ.
18|9801180|10050037|Абрахам, Бурханд —Ишмаел л Таны өмнө амьдраасай гэж хэлсэнд Бурхан
19.1|10135635|10304935|—Үгүй ээ, чиний эхнэр Сара чамд хүү төрүүлж өгнө.
19.2|10335231|10451523|Чи түүнийг Исаак гэж нэрлэнэ.
19.3|10479042|10848688|Би түүнтэй гэрээ байгуулж, түүний үр удамтай энэ гэрээгээ мөнхийн гэрээ болгон байгуулна.
20.1|10879205|11051768|Ишмаелын тухайд гэвэл, Би чиний үгийг сонслоо.
20.2|11083697|11329686|Харагтун, Би түүнийг ерөөж, үржүүлэн онцгой ихээр олшруулна.
20.3|11344769|11633844|Тэрээр арван хоёр ноён төрүүлж, Би түүнийг агуу том үндэстэн болгоно.
21|11685794|12049884|Харин Би гэрээгээ ирэх жилийн өдийд Сарагийн чамд төрүүлж өгөх Исаактай байгуулна гэв.
22|12094204|12396995|Тэгээд Бурхан, Абрахамд айлдсан яриагаа дуусгаж түүнээс салан дээш одов.
23|12463850|13208699|Абрахам, Ишмаел хүүгээ болон гэртээ төрсөн бүхнээ, мөнгөөр худалдаж авсан бүх хүнээ, гэрийнхнийхээ бүх эр хүйстэнг аваад, яг тэр өдөртөө Бурханы хэлсэн ёсоор тээрхийн арьсыг нь тануулжээ.
24-25|13276790|13733974|Абрахам тээрхийн арьсаа тануулахдаа ерэн есөн настай, түүний хүү Ишмаел тээрхийн арьсаа тануулахдаа арван гурван настай байжээ.
26|13778471|14041881|Тэр өдөртөө Абрахам хийгээд түүний хүү Ишмаел ийнхүү хозлуулжээ.
27|14101680|14556792|Түүний гэрийнхэн, түүний гэрт төрөгсөд хийгээд гаднын хүнээс мөнгөөр худалдаж авсан бүх эр хүйстэн нь түүнтэй хамт хозлуулжээ.
