verse|start|end|sentence
1.1|354960|542341|ЭЗЭН, Мамрегийн царс модны дэргэд Абрахамд үзэгдэв.
1.2-2.1|598833|969229|Өдрийн халуунд Абрахам майхныхаа үүдэнд сууж байгаад нүд өргөн харвал дэргэд нь гурван хүн зогсож байлаа.
2.2|996219|1327101|Тэрээр тэднийг харангуутаа угтан тосохоор майхныхаа үүднээс яаран гүйж хүрээд, газарт доор мэхийн
3|1394089|1750284|—Эзэн минь ээ! Хэрэв мэлмийд тань тааллыг олсон бол зарц намайгаа битгий орхин өнгөрөөрэй гэж би гуйж байна.
4|1770174|1988865|Жаахан ус авчруулж та нар хөлөө угаагаад энэ модны доор амарна уу?
5.1|2009019|2324070|Та нар зарцынхаараа нэгэнт дайрч ирсэн тул би жаахан талх авчиръя, та нар тэнхээ ороод явна уу гэж хэлэв.
5.2|2351588|2501969|Тэд —Чиний хэлсэн ёсоор болог гэв.
6|2558461|2939706|Абрахам сандчин, майхан тийш Сарад —Бушуулаарай! Гурван сеа дээд зэргийн гурил аваад зуурч, бин хий
7|2959595|3422115|гээд Абрахам хотондоо гүйн очиж нэгэн тарган сайн бяруу барьж авчраад зарцдаа өгсөнд зарц түүгээр нь хоол бэлтгэх гэж яаравчлав.
8|3476403|3978172|Абрахам цөцгий, сүү болон зарцынхаа болгосон бярууны махыг тэдний өмнө авчирч тавиад, тэднийг хооллох зуур өөрөө модны доор зогсож байв.
9|4032856|4428698|Тэд Абрахамаас —Чиний эхнэр Сара хаана байна вэ? гэж асуусанд —Тэнд майхандаа байгаа гэв.
10.1|4449116|4661061|Тэр —Би зохих цагт нь чам дээр заавал эргэж ирнэ.
10.2|4675658|4849236|Харагтун, эхнэр Сара чинь хүүтэй болно гэжээ.
10.3|4889411|5042879|Сара ард нь, майхны үүдэнд зогсоод сонсож байв.
11|5090595|5390563|Абрахам, Сара хоёр өндөр наслан өтөлж, Сара хүүхэд гаргах наснаасаа хэдийнэ хэтэрчээ.
12|5414862|5756681|Сара дотроо инээж —Хөгшин би, өтөлсөн эзэн бид хоёр яаж ч жаргах юм билээ? гэв.
13|5779701|6191640|ЭЗЭН, Абрахамд —Юунд Сара инээгээд “Хөгшин болсон би үнэхээр хүүхэдтэй болж чадна гэж үү?” гэж хэлээд байна вэ?
14.1|6215806|6505808|ЭЗЭНд дэндүү хэцүү юм байна уу? Би тогтсон цагт чам дээр эргэж ирнэ.
14.2|6528916|6679871|Зохих цагтаа Сара хүүтэй болно гэв.
15|6700554|7064908|Сара айсандаа —Би инээгээгүй гэж мэлзсэнд —Үгүй, чи инээсэн шүү дээ гэж Тэр хэлэв.
16|7319100|7639487|Нөгөө хүмүүс тэндээс босоод Содомын зүг харж, Абрахам тэднийг үдэхээр хамт гарчээ.
17|7658582|7914053|ЭЗЭН —Би хийх гэж буй юмаа Абрахамаас нууна гэж үү?
18|7949025|8313643|Абрахам агуу их, хүчирхэг үндэстэн болж, газар дэлхийн бүх үндэстэн түүгээр ерөөгдөх биш үү?
19|8342573|9167508|Би түүнийг сонгон авсны учир нь түүний хойноос хүүхдүүд нь болон гэрийнхэн нь үнэн зөв ба шударга ёсыг үйлдэж, ЭЗЭНий замыг сахихыг тэрээр тэдэнд тушаахын тулд бөгөөд ингэснээр Абрахамд айлдсанаа ЭЗЭН биелүүлэх болой гэв.
20|9200274|9573669|Тэгээд ЭЗЭН —Содом, Гоморра хоёрын хашхираан үлэмж их, гэм нүгэл нь маш их учир
21|9592411|9987194|Би одоо доош бууж, тэдний хийсэн бүхэн нь надад сонсогдсон хашхираан шигээ байгаа эсэхийг үзэж мэдье гэв.
22|10024371|10297879|Тэр хүмүүс тэндээс явж Содомын зүг одоход Абрахам ЭЗЭНий өмнө зогссоор хоцорчээ.
23|10330204|10606755|Абрахам ойртон ирж —Та зөвтийг бурууттай хамт устгах уу?
24.1|10653589|10791049|Тэр хотод зөвт тавин хүн байж болох биш үү?
24.2|10835458|10933404|Та ийм газрыг устгах уу?
24.3|10976886|11113244|Тэрхүү тавин зөвт хүний төлөө тэр газрыг өршөөх үү?
25.1|11183054|11390985|Зөвтийг бурууттай хамт устгах ийм хэрэг Танаас хол байг!
25.2|11417754|11543042|Буруут нь зөвттэй бүү зэрэгцэг!
25.3|11605179|11841511|Газар дэлхийн Шүүгч Та шударга шийдвэр эс гаргана гэж үү? гэв.
26|11864178|12338121|ЭЗЭН —Хэрэв би Содом хотынхны дотроос зөвт хүн тавийг олбол тэдний төлөө энэ газрыг бүхэлд нь өршөөнө
27|12377547|12822163|гэсэнд Абрахам —Харагтун, тоос шороо ба үнс мэт өчүүхэн би Эзэнд үг хэлэхээр зүрхэллээ.
28.1|12862294|13072386|Тэнд тавин зөвт хүнээс таван хүн дутаж болох биш үү?
28.2|13127820|13258664|Тав дутсаны төлөө хотыг бүхэлд нь устгах уу?
28.3|13282655|13642511|гэсэнд ЭЗЭН —Хэрэв Би тэндээс дөчин таван хүнийг олбол хотыг устгахгүй гэжээ.
29.1|13678408|13900055|Абрахам дахин —Тэнд дөчин хүн олдож болох шүү дээ?
29.2|13924442|14181501|гэхэд Тэрээр —Дөчин хүний төлөө Би түүнийг устгахгүй гэв.
30.1|14198524|14454657|Абрахам —Эзэн минь, Та битгий хилэгнээрэй, би нэг үг хэлье.
30.2|14485394|14630880|Тэндээс гучин хүн олдож болох биш үү?
30.3|14660118|14951619|гэсэнд Тэрээр —Хэрэв Би тэндээс гучин хүнийг олбол устгахгүй гэжээ.
31.1|14969612|15167445|Абрахам —Харагтун, би Эзэнд үг хэлэхээр зүрхэлье.
31.2|15188701|15304684|Хэрэв тэндээс хорин хүн олдвол яах вэ?
31.3|15330835|15535547|гэсэнд Тэрээр —Хорин хүний төлөө Би устгахгүй гэжээ.
32.1|15565403|15874588|Абрахам дахин —Эзэн минь, Та битгий уурлаарай, би бас нэг үг нэмж хэлье.
32.2|15900828|16054296|Ингэхэд тэндээс арван хүн олдож болох биш үү?
32.3|16081594|16371684|гэсэнд Тэр —Би арван хүний төлөө түүнийг устгахгүй гэжээ.
33|16429763|16745299|ЭЗЭН, Абрахамтай ярьж дуусаад одсон бөгөөд Абрахам ч өөрийн газарт буцжээ.
