verse|start|end|sentence
2|207931|318622|Ах нар нь Бениаминыг авчрав
3|358841|503489|Тэр нутаг бэрх өлсгөлөнд нэрвэгджээ.
4|542077|778144|Египетээс тэдний авчирсан үр тариаг бүгдийг нь идэж дуусахад эцэг нь тэдэнд
5|804472|976682|—Та нар дахин буцаж яваад, бидэнд жаахан хүнс худалдаж ав!
6|1005215|1087726|гэсэнд Иуда, эцэгтээ
7|1124285|1175220|Тэр хүн бидэнд
8|1199255|1432103|Хэрэв дүү чинь та нартай хамт байхгүй бол та нар миний нүүрийг харахгүй гэж хатуу сануулсан билээ.
9|1461165|2187492|Хэрэв та дүүг маань бидэнтэй хамт явуулбал бид явж танд хүнс худалдаж авъя. Хэрэв та түүнийг явуулахгүй бол бид явахгүй. Учир нь тэр хүн бидэнд “Хэрэв дүү чинь та нартай хамт байхгүй бол та нар миний нүүрийг харахгүй” гэж хэлсэн шүү дээ гэв.
10|2227579|2577380|Тэгтэл Израиль —Та нар яагаад өөрсдөө дүүтэй гэдгээ тэр хүнд хэлж, надад гай учруулав? гэсэнд тэд
12|2601503|3133172|—Тэр хүн бидний тухай, бидний төрөл садангийн тухай нарийн лавлаж “Аав чинь амьд байгаа юу? Та нарт өөр дүү бий юу?” гэж асуусан учир бид түүний амыг дагаж хариулсан.
13|3162631|3377133|Түүнийг “Дүүгээ авчир!” хэмээн хэлэх юм гэж бид яахан мэдэх билээ? гэв.
14|3416471|3689494|Иуда, эцэг Израильдаа —Энэ хүүг надтай хамт явуулаач, бид хөдөлье, явъя.
16|3716659|3938438|Тэгвэл бид ч, та ч, хүүхдүүд маань ч цөм үхэхгүй амьд үлдэх болно.
17|3959298|4169566|Би түүнийг бүрэн хариуцна. Та миний гараас түүнийг нэхэж болно.
18|4195982|4496921|Хэрэв би түүнийг танд авчирч өмнө тань тавихгүй бол би таны өмнө бүх өдрүүдэд нүгэлтэн болно.
19|4526027|4789789|Хэрэв бид хойшлуулаагүй бол одоо аль хэдийнэ хоёр ч удаа яваад ирэх байсан гэв.
20|4821717|5040012|Эцэг Израиль нь тэдэнд —Хэрэв тийм юм бол үүнийг хий.
22|5077938|5766251|Нутгийн дээд зэргийн өгөөжнөөс савандаа хийгээд тэр хүндээ бэлэг болгон аваачиж өг. Үүнд хэсэг үнэрт давирхай, хэсэг зөгийн бал, гүгэл, анхилуун үнэрт тос, шударгалигийн самар, буйлс тэргүүтэн байг.
23|5796900|5925584|Та нар гартаа хоёр дахин их мөнгө авч яв!
24|5957336|6218320|Уутны чинь аман дээр буцаж ирсэн мөнгийг эргүүлж авч яв! Тэр андуурсан байж магадгүй.
25|6248837|6423165|Тэгээд дүүгээ аваад яв, тэр хүн дээрээ эргэж оч!
26|6454079|6892080|Төгс Хүчит Бурхан тэр хүний өмнө та нарт нигүүлсэл хайрлаж, тэр та нарт нөгөө ахыг чинь Бениаминтай хамт буцааж явуулах болтугай!
27|6944471|7176745|За, би хүүхдүүдээ алдах ёстой юм бол алдаг! гэв.
28|7218243|7570911|Тэгээд тэд тэдгээр бэлэг сэлт, хоёр дахин их мөнгө мөн Бениаминыг авч Египет явах замдаа гарав.
29|7616643|7756837|Тийнхүү тэд Иосефын өмнө хүрэлцэн ирлээ.
30|7790132|7988450|Иосеф тэдэнтэй хамт Бениамин байхыг хараад гэрийн даамалдаа
31|8017688|8144608|—Энэ хүмүүсийг гэрт оруулж, мал гарган бэлтгэ.
32|8177242|8300678|Энэ хүмүүс үд дээр надтай хамт хооллоно
33|8324624|8606379|гэсэнд даамал Иосефын хэлснийг ёсоор болгож тэр хүмүүсийг Иосефын гэрт оруулав.
34|8638440|8809592|Тэгтэл эрчүүд Иосефын гэрт хүргэгдсэндээ айцгаан
35|8865864|9064755|—Урьд бидний уутанд буцааж хийсэн байсан тэр мөнгөнөөс болж бид энд хүргэгдлээ.
36|9105503|9423332|Энэ нь бидэн уруу дайран довтолж хүчээр баривчлан, илжигтэй маань хамт биднийг боол болгох нь гэж хэлэв.
38|9458656|9778998|Тэгээд тэд Иосефын гэрийн даамалд дөхөж очоод, байшингийн үүдний дэргэд түүнд ийнхүү өгүүлэв.
39|9831477|10064987|Эзэн минь! Бид өмнө нь үнэндээ хүнс худалдаж авахаар л энд ирсэн билээ.
40|10086772|10487244|Тэгээд буудаллах газраа хүрч очоод уутныхаа амыг нээсэнд, харагтун, уут бүрийн амсар дээр хүн бүрийн өгсөн мөнгө хэвээрээ байж байсан юм.
41|10510794|10657691|Бид түүнийг өөрсдийн гараар буцааж авчирлаа.
42|10701570|10843749|Бид бас хүнс худалдаж авахаар илүү мөнгөтэй ирсэн.
43|10866107|11066013|Бидний уутны амсарт мөнгийг маань хэн хийснийг бид мэдэхгүй гэв.
44|11100146|11471424|Тэрээр —Тайван байцгаа. Бүү айгтун. Та нарын Бурхан, эцгийн чинь Бурхан та нарын уутанд эрдэнэс хийж өгсөн юм.
46|11491578|11584188|Та нарын тэр мөнгийг би авсан
47|11628155|11750621|гэж хэлээд Симеоныг тэдэнд гаргаж өгөв.
48|11783961|12157840|Тэгээд даамал Иосефын гэрт тэднийг дагуулан очоод тэдэнд ус өгч, хөлийг нь угаалгаж бас илжгэнд нь тэжээл өгчээ.
49|12195855|12455824|Тэд тэнд хооллох болсноо сонсоод, Иосефыг үдэд ирэхэд нь өгөх бэлгээ бэлтгэв.
50|12489737|12911289|Иосефыг гэртээ орж ирэхэд тэд гартаа байсан бэлгээ гэрт оруулж, түүнд өргөн бариад түүний өмнө газар сөгдөн мөргөв.
51|12936293|13039135|Иосеф тэдний амар мэндийг асуун
52|13069608|13280714|—Та нарын ярьж байсан нас өндөр болсон эцэг чинь амгалан сайн байна уу? 
53|13300560|13460246|Тэрээр одоо хүртэл амьд сэрүүн байгаа юу? гэсэнд тэд
54|13487588|13857322|—Таны зарц, бидний эцэг амар сайн, одоо хүртэл амьд сэрүүн байгаа гэж хариулаад, доор бөхийн мөргөцгөөжээ.
55|13884532|14100357|Иосеф хараагаа өргөн, эхийнхээ хүү, Бениамин дүүгээ хараад
56|14132682|14527907|—Энэ чинь та нарын надад хэлээд байсан нөгөө отгон дүү чинь мөн үү? гээд —Хүү минь, чамайг Бурхан ивээх болтугай!
57|14549957|14602833|гэж нэмж хэлэв.
58|14628102|14879516|Иосеф дүүгээ хараад сэтгэл нь ихэд уяраад, уйлах газар хайж яаран гарав.
59|14905976|15032278|Тэгээд тэрээр өрөөндөө орж тэнд уйлав.
60|15064824|15207973|Дараа нь тэр нүүрээ угааж, гарч ирээд сэтгэлээ барин
61|15228523|15304331|—Хоолоо авчирч тавь гэв.
62|15339699|15525316|Тэд Иосефт тусад нь, ах дүү нарт нь тусад нь,
63|15549660|15761825|түүнтэй хамт хооллодог египет хүмүүст бас тусад нь хоол авчирч өгөв.
64|15788682|15978444|Учир нь египет хүн еврей хүнтэй хамт хооллохыг жигшдэг ажээ.
65|16021221|16547643|Тэднийг Иосефын өмнө суулгахдаа хамгийн томоос нь аваад хамгийн отгоныг нь хүртэл насных нь дарааллаар суулгасанд тэд бие биенээ гайхан харцгаав.
67|16583275|16935237|Иосеф өөрийн хоолноос тэдэнд барьсан бөгөөд Бениаминд өгсөн хоол нь бусдынхаас тав дахин их байжээ.
68|16966284|17101935|Тэд Иосефтой хамт ууж, согтоцгоов.
