verse|start|end|sentence
3|418156|683461|Үүний дараа Бурхан, Абрахамыг сорьж, түүнд —Абрахам аа! гэсэнд Абрахам
4|720373|827933|—Харагтун, би энд байна гэжээ.
6|973860|1237887|—Чи цорын ганц хайртай хүү Исаакаа аваад Мориа гэдэг газар уруу яв.
7|1308667|1649692|Тэнд түүнийг шатаалт тахил болгон Миний чамд зааж өгөх тэр нэг уулан дээр тахин шатаагтун
9|1751299|2379680|Тэгээд Абрахам өглөө эртлэн босоод илжгээ эмээллэж, хоёр зарц залууг хүү Исаакийнхаа хамт дагуулж, шатаалт тахилын мод хагалж аваад Бурханы өөрт нь айлдсан тэр газар уруу явжээ.
10|2419414|2730583|Гурав дахь өдөр нь Абрахам хараа өргөн, тэр нутгийг алсаас харав. Тэгээд Абрахам зарц залуустаа
11|2803437|3118575|Та хоёр, илжигтэйгээ энд хүлээж бай. Хүү бид хоёр тийшээ очиж мөргөчихөөд та нар уруу эргэж ирнэ гэв.
12|3160029|3518739|Абрахам шатаалт тахилын модыг авч, хүү Исаактаа үүрүүлж, өөрөө гал, хутга хоёроо гартаа бариад хоёул хамт явжээ.
13|3567778|3670090|Исаак эцэг Абрахамдаа хандан
14|3711632|3801420|—Аав минь ээ! гэхэд тэрээр
15|3828497|3897337|—Хүү минь, би энд байна
16|3921019|4325063|гэсэнд Исаак — Хар даа, гал мод хоёр энд байна. Харин шатаалт тахилын хурга нь хаана байна вэ? гэхэд Абрахам
18|4384598|4581549|—Хүү минь, шатаалт тахилдаа зориулж Бурхан хургаар хангана
19|4604040|4694886|гээд хоёул хамт явжээ.
20|4734179|5056065|Бурханы айлдсан тэр газарт тэд хүрч ирээд, Абрахам тэнд тахилын ширээ босгож мод өрж тавиад,
21|5077144|5298174|хүү Исаакаа хүлж тахилын ширээн дээрх модон дээр тавив.
22|5350212|5520614|Абрахам гараа сунган, хүүгээ алахаар хутгаа авав.
23|5563700|5897184|Тэгтэл тэнгэрээс ЭЗЭНий тэнгэрэлч —Абрахам аа, Абрахам аа! гэж түүнийг дуудсанд
25|5925011|6037731|Харагтун, би энд байна гэв.
26|6075524|6340301|Тэнгэрэлч —Хөвгүүний эсрэг гар бүү далай! Түүнд юу ч бүү хий!
28|6369010|6883877|Учир нь чи хүүгээ, цорын ганц хүүгээ Надаас харамлаагүй тул чамайг Бурханаас эмээдгийг чинь одоо Би мэдлээ гэв.
29|6928683|7248011|Абрахам хараагаа өргөн харвал, үзэгтүн, нэгэн хуц өтгөн бутанд эврээрээ тээглэсэн байжээ.
30|7298726|7611483|Абрахам очиж, тэр хуцыг барьж аваад, хүүгийнхээ оронд түүнийг шатаалт тахил болгож тахин шатаав.
31|7671547|8124498|Тэгээд Абрахам тэр газрыг “ЭЗЭН хангана” гэж нэрлэсэн учир хүмүүс өнөөг хүртэл “ЭЗЭНий ууланд хангагдах болно” гэж хэлдэг болжээ.
32|8180814|8494762|Тэнгэрээс ЭЗЭНий тэнгэрэлч, Абрахамыг хоёр дахиа дуудаж —ЭЗЭН ийн айлдаж байна.
34|8526117|8924737|Чи ийнхүү үйлдэж, хүүгээ, цорын ганц хүүгээ Надаас харамлаагүй учир Би Өөрөөрөө тангараглаж байна.
35|8953931|9339321|Би үнэхээр чамайг ерөөж, үр удмыг чинь тэнгэрийн одод, далайн эргийн элс мэт асар олон болгоно.
36|9395549|9611198|Үр удам чинь дайснуудынхаа үүд хаалгыг эзэгнэх болно.
37|9653181|10126683|Чи Миний үгийг дуулгавартай дагасан учир үр удмаар чинь газар дэлхийн бүх үндэстэн ерөөгдөх болно гэв.
39|10175545|10624572|Тэгээд Абрахам зарц залуус дээрээ эргэн ирж, хамтдаа хөдөлж, Беершебад хүрэв. Ингээд Абрахам Беершебад суужээ.
41|10822933|11212733|Үүний дараа нэгэн хүн Абрахамд —Харагтун, чиний дүү Нахорт Милка хөвгүүд төрүүлж өгчээ гэж мэдүүлэв.
44|11250262|11728306|Түүний ууган хүү нь Уз, удаах дүү нар нь Буз мөн Арамын эцэг Кемуел бас Хесед, Хазо, Пилдаш, Иедлаф, Бетуел нар билээ.
45|11752341|11848082|Бетуел нь Ребекаг төрүүлжээ.
46|11882656|12073962|Абрахамын дүү Нахорт Милка энэ наймыг төрүүлжээ.
47|12115769|12441977|Нахорын татвар эм болох Реумагийн түүнд төрүүлж өгсөн хөвгүүд нь Теба, Гахам, Тахаш, Маака нар билээ.
