verse|start|end|sentence
2|211635|323605|Бениаминыг Иосеф барив
3|380715|763415|Иосеф гэрийн даамалдаа —Тэдний даацынх нь хэрээр хоол хүнсээр дүүргэж, хүн бүрийн мөнгийг уутных нь аманд хий!
5|815629|1181880|Бас миний аяга буюу мөнгөн аягыг хамгийн залуугийнх нь уутны аманд тарианых нь мөнгөтэй хамт хий! гэж тушаав.
7|1223025|1519994|Тэрээр Иосефын хэлсэн ёсоор бүгдийг хийж, үүр гэгээрэхэд эрчүүдийг болон илжгийг нь явуулав.
8|1572870|1768851|Тэднийг хотоос гараад, холдоогүй байхад Иосеф даамалдаа хандаж
9|1822564|2307047|—Яв, эрчүүдийн хойноос хөөн гүйцэхдээ тэдэнд “Та нар яагаад тусыг усаар хариулна вэ?  Энэ бол миний эзний уудаг мөн мэргэлэхдээ ч хэрэглэдэг аяга нь бус уу?
10|2345193|2562562|Та нарын ингэж хандсан чинь мууг л үйлдсэн байна даа” гэж хэл хэмээжээ.
11|2602341|2799203|Даамал тэднийг гүйцэж очоод, тэдэнд тэр ёсоор хэлэв. Тэд
12|2820106|3367079|—Эзэн минь! Та яагаад ийм үг хэлнэ вэ? Ийм зүйл үйлдэх нь таны зарц нараас хол байг. Харагтун, бидний уутан дотор байсан мөнгийг ч бид Канаан нутгаас танд буцааж авчирсан.
13|3387585|3562530|Бид таны эзний гэрээс алт, мөнгө яахан хулгайлах билээ?
14|3610422|3964545|Тэр юм таны зарц бидний хэнээс нь олдоно, тэр үхэг. Бид ч бас эзнийхээ боол болог гэсэнд даамал
15|3990917|4359461|—Тэгвэл та нарын үгээр болог. Хэнээс тэр юм олдоно, тэрээр миний зарц болж, та нар харин гэм зэмгүй болно гэв.
16|4414454|4672924|Тэгээд тэд тус тусынхаа уутыг газарт яаран буулгаж, хүн бүр уутаа нээсэнд
17|4696473|4897922|даамал хамгийн ахмадаас нь эхлээд хамгийн залууг нь хүртэл нэгжиж,
18|4928351|5061489|нөгөө аяга нь Бениамины уутнаас олджээ.
19|5108632|5349859|Тэд хувцсаа урцгааж, хүн бүр илжгээ ачаалж, хот уруу буцацгаав.
20|5403969|5642374|Иуда болон түүний ах дүү нарыг Иосефын гэрт ирэхэд тэрээр гэртээ байж байлаа.
21|5679991|5873723|Тэд Иосефын өмнө газар сөгдөн мөргөцгөөв. Иосеф тэдэнд
22|5924394|6222686|—Та нар юунд ийм хэрэг хийв? Над мэт хүн мэргэ төлгө тавьдаг гэдгийг та нар мэдэхгүй юү? гэв.
23|6252365|6612442|Иуда —Бид эзэн тандаа юу ч гэж хэлэх вэ! Бид юугаа ч ярих билээ. Яаж ч өөрсдийгөө зөвтгөх вэ!
25|6650765|7068833|Таны зарц нарын хилэнцийг Бурхан олсон учир бид, гараас нь аяга олдсон тэр хүн болон бид цөмөөрөө эзэн таны зарц болъё гэв.
26|7106582|7284305|Харин Иосеф — Ийм юм үйлдэх нь надаас хол байг! 
28|7316631|7455149|Гараас нь аяга олдсон тэр хүн л миний зарц болно.
29|7489591|7644646|Та нар харин эцэгтээ амар тайван буцацгаа гэв.
30|7707180|7822017|Бениаминыг Иуда хаацайлав
31|7882654|7985848|Иуда түүнд ойртон очиж хэлсэн нь
32|8015660|8281274|Эзэн минь ээ! Зарц тань эзнийхээ сонорт нэг үг айлтгая. Та болгооно уу? 
34|8312761|8852942|Таны уур хилэн зарцынхаа эсрэг бүү шатаг. Учир нь та бол Фараонтай адил билээ. Эзэн минь, та зарц нараасаа “Та нар эцэгтэй юү, дүүтэй юү?” гэж асуусан.
35|8898409|9029166|Бидний эцэг хөгшин хүн бий.
36|9051348|9542313|Настай болсон хойно нь гарсан нэг жаахан хөвгүүн бий, түүний ах нь үхсэн тул тэр эхээсээ ганцаараа үлдсэн бөгөөд эцэг нь түүнд хайртай гэж бид эзэндээ хэлсэн билээ.
37|9579975|9840959|Та зарц бидэнд “Түүнийгээ над дээр аваад ир! Би түүнийг чинь үзье” гэж хэлсэн шүү дээ.
38|9867683|10247428|Тэгэхэд “Тэр хүү эцгээ орхиж чадахгүй. Хэрэв тэр эцгээ орхивол эцэг нь үхэх болно” гэж бид эзэндээ хэлсэн билээ.
39|10296115|10642079|Тэгэхэд та зарц нартаа хандаж “Хэрэв отгон дүү чинь та нартай хамт ирэхгүй бол та нар миний нүүрийг дахин харахгүй” гэсэн билээ.
40|10668363|11151655|Тэгээд бид таны зарц, эцэгтээ буцаж очихдоо эзнийхээ үгийг түүнд хэлсэн. Тэгээд эцэг маань “Буцаж яваад, бидэнд жаахан хоол хүнс худалдаж ав!” гэхээр нь
41|11172735|11400291|Бид явж чадахгүй. Хэрэв отгон дүү маань бидэнтэй хамт байвал бид явна.
42|11439451|11770466|Отгон дүү маань бидэнтэй хамт байхгүй бол тэр хүний нүүрийг бид харж чадахгүй гэсэнд таны зарц, бидний эцэг бидэнд хандан
43|11795118|11861929|Та нар мэдэж байгаа.
44|11886537|12246173|Эхнэр маань надад хоёр хүү төрүүлж өгсөн. Нэг нь надаас явчихсан. Тэрээр үнэхээр тасчуулсан байна гэж би хэлсэн.
45|12269766|12363743|Түүнээс хойш би түүнийг хараагүй.
46|12406079|12837068|Хэрэв та нар энэ нэгнийг нь надаас авч яваад түүнд минь гай тохиолдвол миний буурал толгойг та нар уй гашуудалтайгаар Үхэгсдийн оронд очуулах болно гэв.
47|12891841|13245126|Эцгийнх нь амь хүүгийнхээ амьтай холбоотой байдаг учир одоо намайг эцэгтээ буцаж очиход энэ хүү бидэнтэй хамт байхгүй бол
48|13267264|13391847|эцэг маань хүүгээ байхгүйг үзээд, үхэх болно.
49|13459628|13824159|Тэгвэл бидний эцэг, таны зарцын буурал толгойг таны зарц бид уй гашуудалтайгаар Үхэгсдийн оронд очуулах болно.
50|13865039|14067988|Таны зарц би эцэгтээ энэ хүүгийн төлөө даалт гаргаж
51|14111250|14487864|Хэрэв би түүнийг танд буцааж авчрахгүй бол би өөрөө эцэг таны өмнө бүх өдрүүддээ нүгэлтэн болно гэж хэлсэн билээ.
52|14545326|14858127|Тиймээс зарц намайг энэ хүүгийн оронд эзний зарц болгон үлдээж, түүнийг ах нартай нь хамт явуулаач!
53|14905138|15091108|Тэр хүү надтай хамт байхгүй бол би эцэгтээ хэрхэн очих вэ?
54|15139221|15333746|Эцэгт минь учрах гай зовлонг надад бүү харуулаач гэв.
