verse|start|end|sentence
2|215825|319901|Чөлөөлөлтийг баталгаажуулав
3|365103|632790|ЭЗЭН, Мосед —Намайг Фараонд юу үйлдэхийг одоо чи харна.
5|653385|806192|Нэгэн хүчит мутраас болж тэр тэднийг явуулна.
6|841031|1066602|Нэгэн хүчит мутраас болж тэр тэднийг нутгаасаа хөөх болно гэв.
7|1111231|1231713|Бурхан цааш нь Мосетэй ярин түүнд
8|1277532|1357177|—Би бол ЭЗЭН.
9|1402997|1891360|Би Абрахам, Исаак, Иаковт Төгс Хүчит Бурханаар илэрсэн. Харин ЭЗЭН гэдэг нэрээрээ Би Өөрийгөө тэдэнд мэдүүлээгүй.
10|1926993|2295625|Би мөн тэдэнд Канаан нутгийг, хэрэн хэсээд цагаачилж суугаа нутгийг нь өгөхөөр гэрээгээ тэдэнтэй байгуулсан.
11|2332934|2640531|Би Египетийн боолчлолд орсон Израилийн хөвгүүдийн ёолохыг сонсож, гэрээгээ саналаа.
12|2682603|2812389|Тиймээс Израилийн хөвгүүдэд ингэж хэл.
13|2850712|3255461|“Би ЭЗЭН. Египетчүүдийн хүнд ачаан дороос Би та нарыг гаргаж, тэдний боолчлолоос та нарыг чөлөөлөх болно.
14|3298591|3536334|Сунгасан мутар болон агуу ял шийтгэлүүдээр Би та нарыг аварна.
15|3579464|3801772|Тэгээд Би та нарыг ард түмнээ болгож, Би та нарын Бурхан болно.
16|3836876|4198849|Би та нарыг египетчүүдийн хүнд ачаан дороос гаргасан Бурхан ЭЗЭН чинь гэдгийг та нар мэдэх болно.
17|4227161|4657004|Би Абрахам, Исаак, Иаковт өгөхөөр тангарагласан тэр газарт та нарыг аваачиж, түүнийг та нарт өв болгон өгнө.
18|4686683|4831066|Би ЭЗЭН” гэж айлдав.
20|4866567|5297777|Мосе үүнийг Израилийн хөвгүүдэд уламжилсан боловч тэд цөхөрсөн сүнс, бас хэрцгий боолчлолын улмаас Мосег эс сонсов.
21|5324016|5679903|ЭЗЭН, Мосед —Явж, Израилийн хөвгүүдийг нутгаасаа явуул гэж Египетийн хаан Фараонд хэл гэв.
23|5709627|5819700|Гэвч ЭЗЭНий өмнө Мосе
24|5886820|6245662|—Үзэгтүн, Израилийн хөвгүүд намайг сонсохгүй байхад Фараон намайг хэрхэн сонсох билээ. Би чинь ам хагараагүй хүн гэв.
25|6282662|6570459|Мосе Аарон нарт ЭЗЭН айлдаж, Египет нутгаас Израилийн хөвгүүдийг гаргахын тулд 
27|6606400|6836558|Израилийн хөвгүүд болон Египетийн хаан Фараоны тухайд тэдэнд тушаал өгөв.
29|7064114|7209820|Эдгээр нь тэдний эцгийн бүлийн тэргүүн нар болой.
30|7267459|7641603|Израилийн ууган хүү Реубений хөвгүүд нь Ханох, Паллу, Хезрон, Карми нар юм. Тэд Реубений ургууд билээ.
31|7669431|8042561|Симеоны хөвгүүд нь Иемуел, Иамин, Охад, Иахин, Зохар болон канаан эмэгтэйн хөвгүүн Шаул нар юм.
32|8062979|8154045|Тэд Симеоны ургууд билээ.
33|8189546|8593017|Левийн хөвгүүдийн нэрс нь уг угсаа дагуу Гершон, Кохат, Мерари бөгөөд Левийн амьдралын жилүүд зуун гучин долоон жил байв.
34|8627724|9194850|Гершоны хөвгүүд нь ургуудынхаа эрэмбээр Либни, Шимеи нар билээ. Кохатын хөвгүүд нь Амрам, Изхар, Хеброн, Уззиел бөгөөд Кохатын амьдралын жилүүд зуун гучин гурван жил байв.
35|9237715|9537418|Мерарийн хөвгүүд нь Махли, Муши нар юм. Тэд уг угсаа дагуу левичүүдийн ургууд билээ.
36|9568553|9884926|Амрам нь авга эгч Иохебедыг эхнэрээ болгон авч, тэр эмэгтэй түүнд Аарон Мосе хоёрыг төрүүлжээ.
37|9917737|10099737|Амрамын амьдралын жилүүд зуун гучин долоон жил байжээ.
38|10162845|10326720|Изхарын хөвгүүд нь Кора, Нефег, Зихри нар билээ.
39|10359619|10542987|Уззиелийн хөвгүүд нь Мишаел, Елзафан, Ситри нар билээ.
40|10572798|10809924|Аарон нь Амминадабын охин, Нахшоны дүү Елишебаг эхнэр болгон авчээ.
41|10829813|11060809|Тэр эмэгтэй түүнд Надаб, Абиху, Елеазар, Итамар нарыг төрүүлэв.
42|11085020|11253173|Корагийн хөвгүүд нь Ассир, Елкана, Абиасаф нар юм.
43|11275399|11377711|Тэд корачуудын ургууд билээ.
44|11405935|11737700|Аароны хүү Елеазар нь Путиелийн охидын нэгийг эхнэр болгон авч, тэр эмэгтэй түүнд Финехасыг төрүүлсэн.
45|11767820|11970989|Тэд ургуудынхаа дагуу левичүүдийн эцгүүдийн гэрийн тэргүүлэгчид билээ.
46|12000139|12335343|“Израилийн хөвгүүдийг цэргийн эрэмбээр нь Египет газраас гарга” гэж ЭЗЭН, Аарон Мосе нарт айлдсан билээ.
47|12378296|12717425|Израилийн хөвгүүдийг Египетээс гаргах талаар Египетийн хаан Фараонд хэлсэн хүмүүс нь Мосе Аарон нар юм.
48|12789882|12964782|Мосе Аарон нар Бурханы тушаалыг дагав
49|13008529|13216681|Египетийн нутагт ЭЗЭН, Мосед айлдсан тэр өдөр ЭЗЭН, Мосед
50|13275422|13589635|—Би бол ЭЗЭН. Миний чамд айлдсан бүхнийг Египетийн хаан Фараонд хэл гэв.
52|13618212|13993371|Гэвч Мосе, ЭЗЭНий өмнө —Үзэгтүн, би ам хагараагүй хүн. Намайг Фараон яаж сонсох билээ? гэж хэлэв.
