verse|start|end|sentence
2|203830|287443|Утлагат тахилын ширээ
3|336483|561834|Дараа нь чи утлага уугиулах тахилын ширээг хийгтүн. Түүнийг хуайс модоор хий.
4|584236|983826|Урт нь нэг тохой, өргөн нь нэг тохой, дөрвөлжин бөгөөд өндөр нь хоёр тохой байна. Эврүүд нь түүнтэй нэгэн цул байна.
5|1005127|1302052|Уг тахилын ширээг буюу оройг нь, бүх хажуу талыг нь тойруулан мөн эврүүдийг нь шижир алтаар бүрэгтүн.
6|1349901|1741420|Чи үүнийг тойруулан алтан эмжээр хий. Эмжээрийнх нь доор, хоёр эсрэг хажуу дээр нь хоёр алтан гархи хий. Үүнийг хоёр эсрэг талд нь хий.
7|1764132|2115829|Энэ нь тахилын ширээг зөөх дамнуургын тогтоогч болно. Хуайс модоор дамнуургуудыг нь хийж, алтаар бүрэгтүн.
8|2141319|2644588|Энэ тахилын ширээг чи гэрчлэлийн авдрын ойролцоох хөшигний өмнө талд буюу Миний чамтай уулзах газар болох гэрчлэлийн авдрын дээрх эвлэрүүлгийн тагны өмнө талд тавь.
9|2667256|2804715|Аарон түүн дээр анхилуун утлагыг уугиулна.
10|2828044|3002460|Өглөө бүр дэнлүүнүүдийг бэлтгэхдээ тэрээр үүнийг уугиулах ёстой.
11|3053263|3432391|Мөн Аарон үдшийн бүрийгээр дэнлүүнүүд асаахдаа үе уламжлан ЭЗЭНий өмнө байнгын утлага болох утлагат тахилыг өргөнө.
12|3456381|3729801|Чи энэхүү тахилын ширээн дээр ёс бус утлага, шатаалт тахил, идээн өргөл бүү өргө.
13|3752513|3855045|Түүн дээр ундаан өргөлийг ч бүү цутга.
14|3873567|4538860|Аарон эврүүд дээр нь жилд нэг удаа эвлэрүүллийг хийнэ. Түүн дээр нүглийн тахилын эвлэрүүлгийн цусаар жилд нэг удаа эвлэрүүллийг үе уламжлан хийх ёстой. Энэ нь ЭЗЭНд ариунаас ариун болой.
15|4586752|4700266|Эвлэрүүлгийн хагас шекел мөнгө
17|4840151|5138973|Чи Израилийн хөвгүүдийг бүртгэхээр тооллого хийх үед хүн бүр төлөөнийхөө золиосыг ЭЗЭНд өгөх ёстой.
18|5163801|5398854|Энэ нь тэднийг чи бүртгэх үед тэдний дунд ямар ч гамшиг байлгахгүйн тулд юм.
19|5427695|5910987|Тоологдсон хүн бүр нь ариун газрын шекелээр хагас шекелийг (шекел нь хорин гератай тэнцүү) өгөх ёстой. Хагас шекел нь ЭЗЭНд хандив болох юм.
20|5934360|6147098|Хорь ба түүнээс дээш насны, тоологдсон хүн бүр ЭЗЭНд хандивыг өгнө.
21|6197284|6610281|Төлөөнийхөө эвлэрүүллийг хийхээр ЭЗЭНд хандив өгч байхдаа баян хүн хагас шекелээс ихийг, ядуу хүн багыг өгөх ёсгүй.
22|6629994|7279719|Чи Израилийн хөвгүүдээс эвлэрүүлгийн мөнгийг авч, уулзалтын майхны үйлчлэлд өг. Ингэснээр төлөөнийхөө эвлэрүүллийг хийх явдал Израилийн хөвгүүдийн төлөө ЭЗЭНий өмнө дурсгал болох юм гэв.
23|7331492|7382736|Хүрэл сав
25|7495059|7932752|Чи бас угаалгад зориулан хүрэл суурьтай угаалгын савыг хүрлээр хийж, уулзалтын майхан ба тахилын ширээний хооронд түүнийг тавьж, дотор нь ус хий.
26|7954493|8555664|Аарон болон хөвгүүд нь гар, хөлөө тэр савнаас угааг. Тэд уулзалтын майханд нэвтрэхдээ эсвэл ЭЗЭНд галан тахил шатаан үйлчлэхээр тахилын ширээнд ойртохдоо үхэхгүйн тулд усаар угаах ёстой.
27|8593590|9082042|Тиймээс тэд үхэхгүйн тулд гар хөлөө угаах ёстой. Энэ нь Аарон ба үр удамд нь үе уламжлан үүрдийн зарлиг байх болно гэв.
29|9119880|9227925|Ариун тослох тос ба утлага
30|9276831|9356476|ЭЗЭН цааш нь Мосед айлдан
31|9404766|10080422|Чи өөртөө дараах хамгийн сайн үнэртнүүдийг авагтун. Үүнд: шингэн мирр таван зуун шекел, анхилуун шанц түүнээс хоёр дахин багыг буюу хоёр зуун тавин шекел, анхилуун нишинг хоёр зуун тавин шекел,
32|10101501|10295321|касси таван зуун шекел байх ба бүгд ариун газрын шекелийн дагуу байна.
33|10313667|10727369|Мөн чидун тос нэг хин байг. Эдгээрээр чи сүрчиг найруулагчдын бүтээл болох сүрчигний хольц буюу ариун тослох тосыг хийгтүн.
34|10755372|10860992|Энэ нь ариун тослох тос болно.
35|10884144|11076685|Үүгээр чи уулзалтын майхан хийгээд гэрчлэлийн авдрыг тосол.
36|11124798|11884994|Мөн ширээ болон бүх хэрэгслийг нь, дэнлүүний суурь болон хэрэгслийг нь, утлагат тахилын ширээ, шатаалт тахилын ширээ болон бүх хэрэгслийг нь, угаалгын сав болон суурийг нь тослогтун. Эдгээрийг ариунаас ариун болгохын тулд чи тэднийг ариусга.
37|11921420|12042166|Тэдэнд хүрсэн юм бүхэн ариун болно.
38|12089574|12354835|Аарон ба хөвгүүд нь Надад тахилчаар үйлчлэхийн тулд чи тэднийг томилон тосолж, ариусгагтун.
39|12397877|12515050|Чи Израилийн хөвгүүдтэй ярин ийн хэл.
40|12546582|13530144|“Энэ нь бүхий л үед чинь Надад зориулагдсан ариун тосолгооны тос болно. Үүнийг хүний бие дээр асгаж болохгүй. Үүнтэй ижил найрлагатай зүйлийг бүү хий. Энэ нь ариун бөгөөд та нарт ч ариун байх ёстой. Үүнтэй адилыг найруулсан эсвэл гаднын хүнд үүнээс түрхсэн хэн боловч өөрийн ард түмнээс таслагдах болно” гэлээ.
42|13668706|14053126|—Өөртөө зориулан анхилуун үнэртнүүд болох стакте, ониха, халвана болон цэвэр гүглийг, тусбүрээс нь ижил хэмжээгээр авагтун.
43|14087921|14393402|Үүгээр чи сүрчиг найруулагчдын урлал болох сүрчиг буюу давстай, цэвэр, ариун утлагыг үйлдэгтүн.
44|14419597|14766532|Тэдгээрийг чи маш сайн бутлан нүдэж, Миний чамтай уулзах уулзалтын майхны доторх Гэрчлэлийн өмнө түүнээс тавигтун.
45|14797490|14915149|Энэ нь чамд ариунаас ариун байх ёстой.
46|14941741|15661321|Ийм найрлагаар хийсэн утлагыг чи өөртөө зориулж бүү үйлдэгтүн. Энэ нь чиний хувьд ЭЗЭНд ариун байх ёстой. Үүнтэй адилыг өөртөө сүрчиг болгож хэрэглэхээр хийсэн хэн боловч ард түмнээсээ таслагдана гэж айлдав.
