verse|start|end|sentence
2|191349|275492|Хаднаас гарсан ус
3|313903|619825|Дараа нь Израилийн хөвгүүдийн даяар хотол түмэн ЭЗЭНий тушаалаар аялан Син цөлөөс хөдлөн явсаар Рефидимд буудаллав.
4|656781|760989|Тэнд хотол түмэнд уух ус байсангүй.
5|799400|1023957|Ард олон Мосетой маргалдан —Бидэнд уух ус өг гэсэнд Мосе тэдэнд
6|1049315|1276033|—Та нар яагаад надтай маргалдаж байна вэ? Та нар яагаад ЭЗЭНийг сорьж байна вэ? гэв.
7|1306330|1567578|Харин ард түмэн тэнд ус хүсэн цангаж, Мосегийн эсрэг гомдоллон гонгинолдож
8|1616794|1936607|—Та юунд биднийг Египетээс авчран, биднийг болон үр хүүхэд, мал сүргийг маань цангааж алах гэж байна вэ? гэлцэв.
9|1969241|2306518|Мосе, ЭЗЭНд хашхиран —Би энэ ард түмнийг яах вэ? Жаахан удвал тэд над уруу чулуу шидэх болно гэв.
11|2328083|2652659|Тэгэхэд ЭЗЭН, Мосед — Чи ард түмний өмнө гарч, Израилийн ахмадуудаас заримыг нь дагуулаад яв.
13|2687895|3071035|Тэгэхдээ Нил мөрнийг цохисон таягаа гартаа авч яв. Үзэгтүн, Би Хоребын хадан дээр чиний өмнө зогсох болно.
14|3094629|3350321|Чи хадыг цохь. Тэгвэл тэндээс ус гарч, ард түмэн уух болно гэв.
15|3400286|3605175|Мосе Израилийн ахмадуудын нүдний өмнө тэр ёсоор үйлджээ.
16|3635780|3933808|Мосе тэр газрыг Масса ба Мериба гэж нэрлэв. Учир нь Израилийн хөвгүүд маргалдсан бөгөөд
17|3963002|4138211|—ЭЗЭН бидний дунд байна уу, үгүй юү? гэж ЭЗЭНийг сорьсон юм.
18|4187295|4260368|Амалек ялагдсан нь
19|4310378|4590016|Дараа нь Амалек ирж, Рефидимд Израилийн эсрэг байлдав. Тиймээс Мосе, Иошуад
20|4635924|4991370|—Эрчүүдээ сонго, Амалекийн эсрэг байлдахаар яв. Маргааш би Бурханы таягийг гартаа бариад, толгодын орой дээр зогсоно гэв.
22|5042261|5230083|Мосегийн хэлсэн ёсоор Иошуа үйлдэж, Амалекийн эсрэг байлдав.
23|5274448|5429062|Мосе, Аарон, Хур нар толгодын орой дээр гарлаа.
24|5477087|5678095|Мосе гараа өргөхөд Израиль ялж, буулгахад Амалек ялж байв.
25|5729339|6024236|Гэвч Мосегийн гар цуцжээ. Тэгэхэд тэд чулуу авч түүнд тавьж өгөхөд тэрээр чулуун дээр суув.
26|6072966|6306300|Аарон Хур нар түүний гарыг нэг нь нэг талаас, нөгөө нь нөгөө талаас нь түшив.
27|6355118|6510438|Тийнхүү нар жаргах хүртэл түүний гар тогтвортой байв.
28|6559081|6777861|Ингээд Амалек болон ард түмнийг нь Иошуа илдний ирээр ялав.
30|6897372|7061247|—Үүнийг дурсгал болгон номд бичиж, Иошуад цээжлүүл.
31|7092162|7351822|Учир нь Би Амалекийн дурсамжийг тэнгэрийн дороос бүрэн арилгана гэв.
32|7402361|7614791|Мосе тахилын ширээ барьж, түүнийгээ “ЭЗЭН миний туг” гэж нэрлэхдээ
33|7643985|7741093|ЭЗЭНий андгаар дээрх мутар!
34|7766274|7957139|ЭЗЭН үеийн үед Амалектай дайтах болой хэмээв.
