verse|start|end|sentence
2|195407|309096|Сүүлчийн гамшгийг анхааруулав
3|347155|634951|ЭЗЭН, Мосед —Би бас нэг гамшгийг Фараон дээр болон Египет дээр авчирна.
5|671422|791991|Үүний дараа л тэр та нарыг эндээс явуулна.
6|828286|984797|Тэр та нарыг явуулахдаа эндээс бүрмөсөн хөөж гаргана.
7|1020782|1372083|Эрэгтэй, эмэгтэй хүн бүр хөршөөсөө мөнгөн эдлэл, алтан эдлэлийг нэхэгтүн” хэмээн ард түмний сонорт дуулга гэв.
8|1411596|1899783|ЭЗЭН египет хүмүүсийн нүдний өмнө ард түмнийг таалан соёрхож, Мосе гэгч хүн Египет улсад, Фараоны албат нар хийгээд ард түмний нүдэнд үлэмж агуу болов.
10|2002580|2711753|—ЭЗЭН “Шөнө дунд Би Египетийн дундуур явна. Сэнтийдээ залрагч Фараоны ууган хүүгээс эхлэн, тээрмийн ард байгч шивэгчний ууган хүүг хүртэл мөн бүх малын ууган төл буюу Египет газрын ууган бүгд үхэх болно.
11|2735964|3067110|Египетийн бүх нутагт урьд өмнө байгаагүй бас хойшид хэзээ ч үл гарах асар их уйлаан майлаан болно.
12|3109005|3317643|Харин Израилийн хөвгүүдийн хүн малынх нь эсрэг нохой ч хуцаж боргохгүй.
13|3354201|3662990|Ингэснээр Египет ба Израилийн хооронд ЭЗЭН зааг тавьсныг та нар мэдэх болно” гэж айлдаж байна.
14|3698975|3850459|Таны эдгээр бүх албат над дээр ирээд, надад мөргөж,
15|3876345|4273422|“Та болон таны хөлд байгч бүх ард түмэн гарч яваач” гэцгээсний дараа л би гарна гээд ихэд хилэгнэн Фараоныхаас гарав.
17|4386097|4736295|—Фараон та нарыг сонсохгүй. Тиймээс Миний гайхамшгууд Египетийн нутагт олширно гэж хэлсэн байлаа.
19|4772810|5290985|Мосе Аарон нар энэ бүх гайхамшгийг Фараоны өмнө үйлдсэн боловч ЭЗЭН, Фараоны зүрхийг хатууруулсан тул тэр Израилийн хөвгүүдийг нутгаасаа явуулсангүй.
