verse|start|end|sentence
2|184073|263850|Тахилчдын томилгоо
3|309493|560996|Надад тахилч болж үйлчлүүлэхийн тулд чи тэднийг ариусгахаар үүнийг тэдэнд үйлд.
4|589396|1185937|Үхрийн төл согоггүй залуу бух, хоёр хуц, буудайн дээд гурилаар хийсэн исгээгүй талх, тосонд багсарсан исгээгүй боов болон тос түрхсэн исгээгүй бин зэргийг авагтун.
5|1213455|1456446|Эдгээрийг чи нэг сагсанд хийж, бух ба хоёр хуцын хамт авч ирэгтүн.
6|1491065|1734673| Аарон болон хөвгүүдийг нь чи уулзалтын майхны үүдэнд авчирч, тэднийг усаар угаа.
8|1758928|2178540|Чи хувцаснуудыг авч, Ааронд дотуур дээл, ефодын нөмрөг, ефод, цээживчийг өмсгөн, уран нэхсэн ефодын бүсээр бүслэгтүн.
9|2219288|2444727|Толгойд нь толгойн ороолт тавьж, толгойн ороолт дээр ариун титмийг тогтоогтун.
10|2476303|3003342|Дараа нь чи тослох тос авч, толгой дээр нь асган түүнийг тосол. Тэгээд чи Аароны хөвгүүдийг авчран тэдэнд дотуур дээл өмсгө. Тэдэнд чи бүс бүслүүлж, толгойн боолт углагтун.
11|3026583|3408003|Тахилчийн алба үүрдийн зарлигаар тэднийх байх ёстой. Тийнхүү чи Аарон болон хөвгүүдэд нь сахил хүртээ.
12|3442710|3783383|Тэгээд чи уулзалтын майхны өмнө залуу бухыг авчруулан Аарон болон хөвгүүд нь залуу бухын толгой дээр гараа тавина.
13|3807108|4010454|Тэгээд уулзалтын майхны үүдэнд ЭЗЭНий өмнө чи бухыг нядлагтун.
14|4041456|4239729|Чи залуу бухын цуснаас авч, тахилын ширээний эврүүдэд хуруугаараа түрх.
15|4271967|4966542|Үлдсэн бүх цусыг тахилын ширээний суурь уруу асгагтун. Мөн бүх дотор өөх, өнчин элэг, хоёр бөөрийг өөхтэй нь авч, тахилын ширээн дээр шатаагтун. Харин бухын мах, арьс, сэвсийг хуарангийн гадна галд шатаагтун.
16|4997632|5079923|Энэ нь нүглийн тахил юм.
17|5131740|5355724|Чи бас нэг хуцыг авч, Аарон болон хөвгүүд нь хуцын толгой дээр гараа тавина.
18|5386682|5941945|Чи хуцыг төхөөрч, цусыг нь аваад, тахилын ширээг тойруулан сүрчигтүн. Дараа нь өнөөх хуцыг эвдэн гэдэс дотор болон гуяыг нь угааж, бусад хэсэг болон толгойтой нь хамт тавигтун.
19|5965803|6384842|Хуцыг бүхэлд нь тахилын ширээн дээр шатаагтун. Энэ нь ЭЗЭНд өргөх шатаалт тахил буюу ЭЗЭНд өргөх тааламжит үнэр, галан тахил юм.
20|6407333|6690940|Дараа нь чи хоёр дахь хуцыг авч, Аарон болон хөвгүүд нь хуцын толгой дээр гараа тавина.
21|6714930|7419075|Чи хуцыг төхөөрч, цуснаас нь авч, Аароны баруун чихний гэдэс, хөвгүүдийнх нь баруун чихний гэдэс, тэдний баруун гарынх нь эрхий хуруу болон баруун хөлийнх нь эрхий хуруунд хүргэж, цусыг тахилын ширээг тойруулан цацагтун.
22|7466174|8104345|Дараа нь чи тахилын ширээн дээрх цус мөн тослох тосноос авч, Аарон ба түүний хувцас, түүний хөвгүүд ба тэдний хувцаснууд дээр цац. Ингэснээр тэр ба түүний хувцас, түүний хөвгүүд ба тэдний хувцаснууд ариусгагдана.
23|8145181|9338439|Чи бас хуцын өөх, сүүл, дотор өөх, өнчин элэг, хоёр бөөр болон тэдгээрийн өөх, баруун гуяыг авч (Учир нь энэ бол томилгооны ёслолын хуц юм.) мөн ЭЗЭНий өмнө байх исгээгүй талхны сагснаас нэг дугуй талх, тосонд багсарсан нэг боов ба нэг бинг авч, энэ бүгдийг Аарон ба түүний хөвгүүдийн гарт тавьж, ЭЗЭНий өмнө даллах өргөл болгон далла.
24|9363047|9811764|Чи тэдгээрийг гараас нь авч, ЭЗЭНий өмнө тааламжит үнэр, ЭЗЭНд өргөх галан тахил буюу шатаалт тахил болгон тахилын ширээн дээр шатаа.
25|9857628|10313799|Дараа нь чи Аароны томилгооны ёслолд зориулсан хуцын өвчүүг авч, ЭЗЭНий өмнө даллах өргөл болгон далла. Энэ нь чиний хувь болой.
27|10338274|11132383|Ааронд болон хөвгүүдэд нь зориулсан томилгооны ёслолын хуцаас даллах өргөлд далласан өвчүү ба хандив болгон өргөсөн гуяыг чи ариусга. Энэ нь хандив учраас Аарон болон түүний хөвгүүдэд зориулан Израилийн хөвгүүдээс өгөх үүрдийн зарлиг болно.
28|11166340|11510893|Энэ нь Израилийн хөвгүүдээс эвийн тахилын нядлах тахилаас авах хандив байх бөгөөд ЭЗЭНд өргөх хандив нь байх юм.
29|11563416|11882877|Аароны ариун хувцаснууд нь түүний дараах хөвгүүдэд нь шилжих ба тэд түүнийг өмсөн тослогдох буюу сахил хүртэх болно.
30|11928873|12349455|Түүний оронд тахилч болж байгаа хөвгүүдийнх нь нэг нь ариун газарт үйлчлэхээр уулзалтын майханд орохдоо эдгээрийг долоо хоногийн турш өмсөх ёстой.
31|12399067|12869703|Чи томилгооны ёслолын хуцыг авч, махыг нь ариун газарт чанагтун. Аарон болон хөвгүүд нь хуцын мах, сагсан дахь талхыг уулзалтын майхны үүдэнд иднэ.
32|12900925|13244949|Тийнхүү өөрсдөд нь сахил хүртээж, өөрсдийг нь ариусгахын тулд эвлэрүүллийг хийхэд хэрэглэсэн тэр юмсыг тэд идэх ёстой.
33|13272732|13444105|Харин тэдгээр нь ариун учраас гаднын хүн идэж болохгүй.
34|13475901|13880651|Хэрэв томилгооны ёслолын мах юмуу талхнаас өглөө болтол үлдвэл чи үлдэгдлийг нь галд шатаагтун. Тэр нь ариун учраас идэж болохгүй.
35|13913858|14565171|Тийнхүү Миний чамд тушаасан бүхний дагуу чи Ааронд болон хөвгүүдэд нь үйлд. Чи долоо хоногийн турш тэдэнд сахил хүртээ. Өдөр бүр чи эвлэрүүлэлд зориулан нүглийн тахил болгон нэг залуу бух өргө.
36|14605346|15448230|Тахилын ширээнд зориулан эвлэрүүллийг хийх үед түүнийг цэвэршүүлж, ариусгахаар тослогтун. Долоо хоногийн турш чи тахилын ширээнд зориулан эвлэрүүллийг хийж ариусга. Тэгээд тахилын ширээ нь ариунаас ариун болох бөгөөд тахилын ширээнд хүрсэн аливаа юмс ариусна.
37|15496695|15564477|Өдөр бүрийн тахил
38|15611179|16001729|Тахилын ширээн дээр өдөр бүр өргөх зүйл нь хоёр хурга болно. Нэг хургыг чи өглөө өргөж, нөгөө хургыг үдшийн бүрийгээр өргөгтүн.
39|16037185|16459928|Нэг хурганд шахсан тосны хинийн дөрөвний нэгтэй хольсон ефагийн аравны нэг сайн гурил мөн ундаан өргөлд хинийн дөрөвний нэг дарс байна.
40|16481581|17348146|Нөгөө хургыг чи үдшийн бүрийгээр өргөх бөгөөд үүнтэй хамт өглөөнийх шиг идээн өргөл, ундаан өргөлийг ЭЗЭНд тааламжит үнэр, галан тахил болгон өргөгтүн. Энэ нь ЭЗЭНий өмнө уулзалтын майхны үүдэнд чамд үе уламжлан байнгын шатаалт тахил байх болно.
41|17391452|17519959|Тэнд Би чамтай уулзаж ярилцах юм.
42|17549418|17846388|Би тэнд Израилийн хөвгүүдтэй уулзах бөгөөд энэ газар Миний цог жавхлангаар ариусгагдана.
43|17895956|18365356|Би уулзалтын майхан хийгээд тахилын ширээг ариусгана. Түүнчлэн Өөртөө тахилчийн албанд үйлчлүүлэхээр Аарон хийгээд түүний хөвгүүдийг Би ариусгана.
44|18396932|19020991|Би Израилийн хөвгүүдийн дунд оршиж, тэдний Бурхан болно. Өөрсдийнх нь дунд оршихын тулд Египет газраас тэднийг авчирсан Бурхан ЭЗЭН бол Би байгаа юм гэдгийг тэд мэдэх болно.
45|19049083|19180501|Би тэдний Бурхан ЭЗЭН.
