verse|start|end|sentence
2|186410|279108|Найм дахь гамшиг: Царцаа
4|390152|611005|—Фараонд оч. Учир нь Би түүний зүрх болон түшмэдийнх нь зүрхийг хатууруулсан.
5|630674|966495|Ингэснээр Би эдгээр тэмдгээ тэдний дунд тавьж, мөн Би египетчүүдийг хэрхэн элэг доог болгосныг
6|987575|1480260|бас тэдний дунд үйлдсэн тэмдгүүдийг минь та нар үр хүүхэд ач нарынхаа чихэнд сонордуулна. Ингэснээр та нар Намайг ЭЗЭН мөн гэдгийг мэдэх болно гэв.
7|1512100|1637962|Мосе Аарон нар Фараонд очиж, түүнд
8|1674697|1753239|—Еврейчүүдийн Бурхан ЭЗЭН
9|1790415|2482389|“Чи Миний өмнө номхрохоос хэдий хүртэл татгалзсаар байх вэ? Миний ард түмнийг явуул! Тэд Надад үйлчилнэ. Хэрэв чи Миний ард түмнийг явуулахаас татгалзвал, үзэгтүн, Би маргааш нутаг дэвсгэрт чинь царцаа оруулна.
10|2503865|2725821|Хэн ч газрыг харж чадахгүй болтол тэд газрын гадаргууг бүрхэнэ.
11|2751399|3075225|Мөндөрт цохигдоогүй үлдсэн талбайг чинь тэд цөлмөж, хээр ургаж байгаа бүх модыг чинь иднэ.
12|3095864|3335856|Тэд чиний гэрүүд, бүх албатын чинь гэр, хамаг египетчүүдийн гэрийг дүүргэнэ.
13|3357333|3790042|Энэ нь чиний эцэг мөн эцэг өвгөд чинь энэ газар амьдарсан өдрөөс өнөөг хүртэл үзэгдээгүй зүйл болно” гэж айлдаж байна гэв.
14|3861219|3971381|Мосе эргэж Фараоныхаас гарлаа.
15|4017818|4087849|Фараоны албат нар нь түүнд
16|4125951|4236554|—Энэ хүн хэр удаан бидэнд урхи болох юм бэ? 
17|4258737|4434872|Хүмүүсийг нь явуулаач! Тэд Бурхан ЭЗЭНдээ үйлчлэг.
19|4461156|4643024|Египет сүйрсэн болохыг та мэдэхгүй байна гэж үү? гэв.
21|4666397|4840151|Мосе Аарон нарыг Фараонд буцаан авчирсанд тэр тэдэнд
22|4871197|5043276|—Явцгаа, Бурхан ЭЗЭНдээ үйлчил! Хэн хэн явах вэ?
23|5065237|5107573|гэхэд Мосе
24|5142853|5554968|—Бид ЭЗЭНд баяр тэмдэглэх ёстой учраас багачууд ба хөгшидтэйгөө, хөвгүүд ба охидтойгоо мөн хонь, үхэр сүргээ авч явах болно гэж хэлэв.
25|5607491|5917823|Фараон тэдэнд —Би та нарыг багачуудтай чинь хамт явуулбал ЭЗЭН та нартай хамт байгаа болог!
27|5946399|6033806|Та нар муу санаатайгаа хараач!
28|6060221|6345240|Тэгэхгүй шүү! Хүссэн ёсоороо та нарын эрчүүд нь явж, ЭЗЭНд үйлчлэг гэж хэлэв.
30|6374787|6581087|Тэгээд тэд Фараоныхаас хөөгдөв. ЭЗЭН, Мосед
32|6607767|7089163|—Гараа Египетийн газар дээгүүр сунгаж, Египетийн нутагт царцаанууд оруулж, мөндрөөс үлдсэн бүхнийг, тариалангийн бүх ургамлыг идүүл гэж айлдав.
33|7116152|7491796|Мосе Египетийн газар дээгүүр таягаа өргөхөд ЭЗЭН дорнын салхийг өдөржин, шөнөжин уг нутаг уруу салхилуулав.
34|7517065|7698801|Өглөө болоход дорнын салхи царцаануудыг авчирсан байв.
35|7719352|8009927|Царцаанууд Египетийн бүх газарт орж, Египетийн бүх нутаг дэвсгэрт үй олноороо тархав.
36|8037048|8267647|Урьд өмнө хэзээ ч байгаагүй бөгөөд хойшид ч байхгүй тийм их царцаа байв.
37|8292564|8455601|Газрыг харанхуйлтал тэд бүх л газрын гадаргууг бүрхэв.
38|8491190|8743707|Мөндрөөс үлдсэн тариалангийн аливаа ургамал, модны бүх жимсийг тэд иджээ.
39|8768932|9095404|Египетийн бүх газар даяар мод болон тариалангийн талбайн ургамалд ногоон юм юу ч үлдсэнгүй.
40|9134433|9260955|Мосе Аарон нарыг Фараон яаравчлан дуудаад
41|9291914|9454510|—Би Бурхан ЭЗЭНий чинь болон та нарын эсрэг нүгэл үйлдлээ!
42|9480132|9845766|Тиймээс зөвхөн энэ удаа миний нүглийг уучилж, надаас зөвхөн энэ үхлийг зайлуулахын тулд Бурхан ЭЗЭНээсээ гуйж өгөөч гэв.
43|9869139|10337525|Мосе Фараоныхаас гарч, ЭЗЭНээс гуйв. ЭЗЭН салхийг өөрчлөн өрнийн хүчит салхи болгосонд царцаанууд Улаан тэнгис уруу хөөгдөв.
45|10373775|10532314|Египетийн нутаг даяар нэг ч царцаа үлдсэнгүй.
46|10563714|10832106|Харин ЭЗЭН Фараоны зүрхийг хатууруулсанд тэр Израилийн хөвгүүдийг явуулсангүй.
47|10860903|10978606|Ес дэх гамшиг: Түнэр харанхуй
49|11113817|11422296|—Египетийн газар дээгүүр харанхуй нөмрөхийн тулд гараа тэнгэр өөд сунга гэж айлдав.
51|11453519|11822283|Мосе гараа тэнгэр өөд сунгахад Египетийн бүх нутагт гурван өдрийн турш түнэр харанхуй болов.
53|11859989|12119782|Гурван өдрийн турш тэд нэг нэгнийгээ харсангүй, хэн ч байрнаасаа боссонгүй.
54|12157664|12348617|Харин Израилийн хамаг хөвгүүдийн амьдарч байгаа газар гэрэлтэй байв.
55|12378605|12825162|Фараон, Мосег дуудаж —Яв, ЭЗЭНд үйлчил! Харин хонь ба үхэр сүрэг чинь үлдэг! Хүүхдүүд чинь ч та нартай хамт яваг гэж хэлэв.
60|12906482|13232557|—Бид ЭЗЭН Бурхандаа тахил өргөх учраас та нядлах тахил ба шатаалт тахилыг бидний гарт өгөх ёстой.
61|13251785|13363534|Тиймээс бидний мал ч гэсэн бидэнтэй хамт явна.
62|13384394|13623636|Бид тэдний заримыг нь авч, Бурхан ЭЗЭНдээ үйлчлэх тул нэг ч туурайтан үлдэх ёсгүй.
63|13655917|13931366|Мөн тэнд очих хүртэлээ бид юугаар ЭЗЭНд үйлчлэхийг өөрсдөө ч мэдэхгүй байна гэж хэлэв.
65|13970262|14260572|ЭЗЭН, Фараоны зүрхийг хатууруулсанд тэр тэднийг явуулахыг хүссэнгүй. Фараон түүнд
67|14296955|14630616|—Надаас зайл! Миний нүүрийг дахин үзэхээс болгоомжил! Чи миний нүүрийг харсан өдөртөө л үхэх болно гэв.
70|14723226|14978124|—Та зөв ярьж байна. Би нүүрийг тань дахин харахгүй гэж хэлэв.
