verse|start|end|sentence
2|182353|257588|Ямагт шударга байхуй
3|309626|402015|Чи худал мэдүүлгэ бүү өг.
4|420669|568934|Буруутантай гар барин хуурамч гэрч болж болохгүй.
5|592836|695942|Ёрын муу үйлдэлд олныг бүү дагалд.
6|750449|1041201|Шүүхэд гэрчлэхдээ олонхыг дагалдан шударга ёсыг бүү гажуудуул, ядуу хүнийг ч бүү ялгаварла.
7|1093327|1365424|Хэрэв дайсныхаа алдуул үхэр, илжигтэй тааралдвал түүнийг заавал эзэнд нь буцаан аваачиж өг.
8|1416800|1687398|Хэрэв чамайг үзэн яддаг хүний илжиг ачаандаа дарагдан хэвтэж байхыг чи харвал түүнийг бүү орхи.
9|1717695|1843644|Чи тэр хүнд заавал тусалж, илжгийг нь чөлөөл.
10|1906972|2051267|Ядуу хүнийг шүүхдээ шударга ёсыг бүү гажуудуул.
11|2073626|2389073|Худал заргаас хол байж, гэмгүй зөвт нэгнийг бүү хөнөө. Учир нь Би буруутанг зөвтгөхгүй.
12|2447373|2771640|Чи хахууль бүү ав. Учир нь хээл хахууль хүний харааг сохолж, зөв шударга хүний үгийг гуйвуулдаг.
13|2847007|3181991|Чи ирмэл хүнийг бүү дарангуйл. Та нар ч Египет газарт ирмэл хүмүүс байсан учраас ирмэл хүний сэтгэлийг мэднэ.
14|3238174|3318789|Амралтын жил ба өдөр
15|3355172|3502907|Чи зургаан жил газраа тариалж, ургацыг нь хураа.
16|3524648|3661446|Харин долоо дахь жилд газрыг хагалалгүй амраа.
17|3693022|3920710|Чиний ард түмний ядуус хооллог. Тэдний үлдээснийг нь хээрийн амьтад идэг.
18|3951801|4127804|Усан үзмийн болон чидун модны цэцэрлэгтээ ч ийнхүү үйлд.
19|4151706|4341424|Зургаан өдөр чи ажилаа хийж, харин долоо дахь өдөрт ажилаа зогсоо.
20|4363077|4614800|Чиний үхэр, илжиг амарч, чиний шивэгчний хүү мөн ирмэл хүн ч сэргэг.
21|4671909|5060166|Миний чамд айлдсан бүхнийг анхааралтайгаар сахь! Өөр бурхдын нэрийг хүлээн авч болохгүй, амнаас чинь сонсогдож ч болохгүй.
22|5116923|5189202|Жил бүрийн баярууд
23|5245562|5392371|Жилд гурван удаа та нар Надад баярыг тэмдэглэ.
24|5410673|5950809|Чи Исгээгүй талхны баярыг сахь. Миний чамд тушаасан ёсоор Абиб сарын товлосон үед чи долоо хоногийн турш исгээгүй талх ид. Учир нь тэр сард чи Египетээс гарсан.
25|6007522|6381269|Миний өмнө хэн ч гар хоосон үзэгдэж болохгүй. Чи талбайд тарьсан хөдөлмөрийнхөө анхны үр жимсээр Ургацын баярыг сахь.
26|6405701|6650721|Мөн чи хөдөлмөрийнхөө үр жимсийг хураахдаа жилийн эцэст Ургац хураалтын баярыг сахь.
27|6708536|6939708|Жилд гурван удаа танай эрчүүд бүгд Эзэн БУРХАНы өмнө үзэгдэх ёстой.
28|6995847|7161354|Чи Миний тахилын цусыг исгэсэн юмтай хамт бүү өргө.
29|7182081|7326773|Миний баярын өөхийг өглөө болтол бүү хонуул.
30|7383354|7755514|Чи газрынхаа анхны үр жимсний дээжийг Бурхан ЭЗЭНийхээ гэрт авчир. Чи ишгийг эхийнх нь сүүнд бүү чана.
31|7812226|7893106|Канаан газрыг амлав
32|7926225|8351878|Үзэгтүн, замд чамайг хамгаалж, Миний бэлтгэсэн газарт чамайг аваачихын тулд Би чиний өмнө тэнгэрэлчийг явуулах гэж байна.
33|8377941|8921915|Түүний өмнө анхааралтай байж, дуу хоолойг нь сонс. Түүний өмнөөс бүү сөрвөлз. Учир нь Миний нэр түүнд байгаа тул тэрээр гэмт үйлдлийг чинь уучлахгүй.
34|8960017|9419892|Харин чи түүний дуу хоолойг сонссон шиг сонсоод, айлдсан бүхнийг минь үйлдвээс Би дайсанд чинь дайсан, өстөнд чинь өстөн болно.
35|9476163|9835446|Миний тэнгэрэлч чиний өмнө явж, чамайг амори, хит, периз, канаан, хиви болон иебусчуудын нутагт аваачна.
36|9854012|9948342|Би тэднийг бүрмөсөн устгах болно.
37|10003908|10134356|Чи тэдний бурхдад бүү мөргө, бүү үйлчил.
38|10163638|10238079|Тэдний үйлсийг ч бүү дуурай.
39|10258894|10466649|Харин чи тэднийг бүрмөсөн нурааж, тэдний чулуун баганануудыг хэсэглэн бутал.
40|10494300|10637846|Чи Бурхан ЭЗЭНдээ үйлчил.
41|10662542|10809571|Тэгвэл Тэрээр талх усыг чинь ерөөх болно.
42|10841808|10984119|Би дундаас чинь өвчин эмгэгийг зайлуулна.
43|11017988|11197739|Чиний газарт дутуу төрдөг эсвэл хүүсэр хүн байхгүй болно.
44|11243559|11325321|Би насны чинь хоногийг дүүргэнэ.
45|11381416|11805570|Би аюумшиг юугаа түрүүнд чинь явуулан, чиний очих газрын бүх ард түмнийг самууралд унагаж бүх дайсны чинь нурууг чамд харуулах болно.
46|11861488|12521798|Би чиний өмнө хорт хэдгэнийг явуулан хиви, канаан болон хитчүүдийг өмнөөс чинь зайлуулахдаа газар нутаг эзгүйрч, хээрийн араатнууд чиний эсрэг олшрохгүйн тулд ганцхан жилийн дотор тэднийг өмнөөс чинь зайлуулчихгүй.
47|12578995|12891047|Чамайг үржиж, тэр нутгийг эзэмших хүртэл Би тэднийг өмнөөс чинь бага багаар зайлуулна.
48|12963195|13364990|Би хил хязгаарыг чинь Улаан тэнгисээс Филистчүүдийн тэнгис хүртэл, цөлөөс Евфрат мөрөн хүртэл тогтооно.
49|13390127|13590032|Учир нь тэрхүү газар нутгийн оршин суугчдыг Би гарт чинь тушаана.
50|13614904|13715849|Чи тэднийг урдаасаа зайлуулна.
51|13749277|13988475|Чи тэдэнтэй эсвэл тэдний бурхадтай ямар ч гэрээ байгуулж болохгүй.
52|14017449|14105693|Тэд чиний газарт амьдрах ёсгүй.
53|14125097|14649182|Эс тэгвээс тэд чамайг Миний эсрэг нүгэл үйлдэхэд хүргэх болно. Учир нь чи тэдний бурхдад үйлчилбэл энэ нь чамд гарцаагүй занга болно.
