verse|start|end|sentence
2|196465|292383|Тав дахь гамшиг: Малын тахал
4|427108|695236|—Фараонд очиж, түүнд “Еврейчүүдийн Бурхан ЭЗЭН «Миний ард түмнийг явуул. Тэд Надад үйлчилнэ.
5|715037|891569|Хэрэв чи тэднийг явуулахаас татгалзаж, барьсаар байвал, үзэгтүн,
6|911061|1314576|ЭЗЭНий мутар хээр байгаа мал сүрэг, адуу, илжиг, тэмээ, үхэр, хонин дээр чинь аймшигт тахал өвчнөөр бууна.
7|1351797|1801793|Харин ЭЗЭН, Израилийн мал болон Египетийн малыг зааглаж, Израилийн хөвгүүдийн бүх малаас нэг нь ч үхэхгүй» гэж айлдаж байна” гэж хэл гэв.
8|1839807|2141407|ЭЗЭН —Маргааш ЭЗЭН үүнийг энэ газарт үйлдэнэ гэж тодорхой цаг товлов.
11|2178231|2423162|Дараагийн өдөр ЭЗЭН үүнийг үйлдсэнд, Египетийн бүх мал үхэв.
12|2459986|2635460|Израилийн хөвгүүдийн малаас нэг нь ч үхсэнгүй.
13|2676561|2914613|Фараон хүн илгээсэнд, үзэгтүн, Израилийн малаас нэг нь ч үхээгүй байв.
15|2933135|3139567|Гэвч Фараоны зүрх хатуурч, ард түмнийг явуулсангүй.
16|3180403|3347057|Зургаа дахь гамшиг: Буглаат хатги
18|3386924|3489059|ЭЗЭН Мосе, Аарон нарт
19|3530205|3850459|—Зуухны үнснээс хоёр алгандаа дүүргэн авч, Фараоны нүдний өмнө Мосе түүнийг тэнгэр өөд цацаг.
20|3868937|4315229|Тэр үнс Египетийн бүх нутагт тоос болж, түүнээс Египетийн нутаг даяар хүн малд буглаат хатги халдана гэж айлдав. 
22|4351302|4503271|Тэд зуухнаас үнс аван Фараоны өмнө зогслоо.
23|4539301|4754509|Мосе түүнийг тэнгэр өөд цацсанд хүн малд буглаат хатги халдав.
24|4789965|5013111|Илбэчид ч буглаат хатгинаас болоод Мосегийн өмнө зогсож чадсангүй.
25|5049009|5289486|Учир нь илбэчидэд, бүх египет хүнд буглаат хатги халдсан болой.
26|5326927|5712934|ЭЗЭН Фараоны зүрхийг хатууруулав. Мосед ЭЗЭНий айлдсанчлан тэр тэднийг сонссонгүй.
28|5748655|6025603|Долоо дахь гамшиг: Аянга мөндөр ЭЗЭН, Мосед
30|6062559|6196799|—Өглөө эрт босож, Фараоны өмнө зогсож, түүнд
31|6217129|6796736|“Еврейчүүдийн Бурхан ЭЗЭН «Миний ард түмнийг явуул. Тэд Надад үйлчилнэ. Учир нь энэ удаа Би бүх гамшигаа чиний зүрхэнд болон чиний албат нарт, ард түмэн дээр чинь илгээнэ.
32|6824122|7060674|Ингэснээр бүх дэлхийд Надтай адил хэн ч байхгүйг чи мэдэх болно.
33|7098424|7407212|Би мутраа сунгаж, чамайг болон ард түмнийг чинь тахлаар цохисон бол чи дэлхийгээс устгагдах байсан.
34|7444565|7777652|Харин Би хүчээ чамд үзүүлж, Өөрийн нэрийг бүх дэлхий даяар тунхаглахын тулд үүнд чамайг босгосон юм.
35|7813196|8093276|Гэвч чи Миний ард түмнийг явуулахгүй, тэдний эсрэг өөрийгөө өргөмжилсөөр байна.
36|8148224|8554650|Үзэгтүн, Египет үүссэн цагаасаа хойш өдий хүртэл үзээгүй хүчтэй мөндрийг Би маргааш энэ цагийн орчимд оруулна.
37|8591297|8865599|Одоо тиймээс хүн илгээж, мал сүрэг, хээр байгаа бүх юмаа аюулгүй газар аваач.
38|8902290|9239699|Гэрт хоргодолгүй хээр үлдсэн хүн, мал бүгд мөндөр буухад үхнэ» гэж айлдаж байна” гэж хэл гэв.
39|9277978|9542446|Фараоны түшмэдийн зарим нь ЭЗЭНий үгнээс айж, боол ба малаа гэртээ бөөгнүүлэв.
40|9579534|9781732|Харин ЭЗЭНий үгийг ойшоогоогүй нь боол ба малаа хээр орхив.
42|9894011|10437279|—Тэнгэр өөд гараа сунгаж, Египетийн бүх газарт Египетийн бүх нутаг даяар хүн мал, тариалангийн талбайд ургасан бүхэн дээр мөндөр оруул гэж айлдав.
43|10474191|10805514|Мосе таягаа тэнгэр өөд сунгахад ЭЗЭН аянга мөндрийг илгээсэн ба газарт гал буув.
44|10842822|10998275|ЭЗЭН, Египетийн нутагт мөндөр орууллаа.
45|11033643|11339168|Тэнд үндэстэн үүссэнээс хойш байгаагүй аймшигт мөндөр Египетийн бүх нутагт оров.
46|11379960|11509482|Мөндрийн голд гал үргэлжлэн цахилж байлаа.
47|11545512|11930108|Египетийн нутаг даяар хээр байсан хүн малыг бүгдийг нь мөндөр цохив. Мөн тариалангийн бүх ургамлыг цохиж, хээрийн бүх модыг хугачив.
48|11950614|12176318|Зөвхөн Израилийн хөвгүүдийн амьдарч байсан Гошен газарт мөндөр орсонгүй.
49|12212436|12375209|Мосе Аарон нарыг дуудахаар Фараон хүн илгээж, тэдэнд
50|12412738|12500806|—Энэ удаа би нүгэл үйлдлээ.
51|12519857|12785075|ЭЗЭН зөвт юм. Би болон ард түмэн минь буруутан билээ. ЭЗЭНээс гуйгаач.
53|12806816|12965841|Учир нь Бурханы аянга мөндөр хангалттай их орлоо.
54|12989258|13217563|Би та нарыг явуулна. Та нар энд удаан байх хэрэггүй гэж хэлэв.
56|13254696|13575435|Мосе түүнд —Би хотоос гармагцаа ЭЗЭНд гараа сунгана. Аянга зогсож, мөндөр орохоо болино.
58|13596118|13783190|Тэгэхэд та газар дэлхий ЭЗЭНийх юм гэдгийг мэдэх болно.
59|13820807|14137886|Гэхдээ та болон таны зарц нар одоогоор ЭЗЭН Бурханаас айхгүй байгаа гэдгийг би мэдэж байна гэж хэлэв.
61|14164170|14453334|Тэгэхэд арвай боловсорч, маалинга цэцэглэж байсан учир маалинга ба арвай сүйтгэгдэв.
62|14475736|14676921|Харин буудай, хөц будаа нь ургаагүй байсан учир сүйтгэгдсэнгүй.
63|14713127|14908005|Мосе, Фараоноос салан хотоос гарч, ЭЗЭНд гараа сунгалаа.
64|14932304|15090049|Аянга мөндөр зогсож, газарт бороо цутгахаа болив.
65|15125991|15464943|Бороо, мөндөр, аянга зогссоныг Фараон хараад, түшмэдийнхээ хамтаар дахин нүгэл үйлдэн, зүрхээ хатууруулав.
66|15502076|15822374|Фараоны зүрх хатуурч, Мосегоор дамжуулан ЭЗЭНий айлдсанчлан Израилийн хөвгүүдийг эс явуулав.
