verse|start|end|sentence
2|221999|342833|Мосегийн гайхамшигт тэмдэг
3|397296|868329|Тэгэхэд Мосе хариулан — Хараач, тэд надад итгэж миний үгийг сонсохгүй харин “ЭЗЭН чамд үзэгдээгүй шүү дээ” гэж хэлж магад гэв.
5|913355|1112202|Тэгэхэд ЭЗЭН түүнээс — Гарт чинь юу байна вэ?
7|1135883|1281546|гэж асуухад, тэр — Таяг гэж хариулсанд Тэр
8|1303816|1429501|— Түүнийгээ газар хая гэж айлдав.
9|1484361|1702260|Тэр таягаа газар хаяхад, таяг нь могой болсонд Мосе түүнээс зугтав.
10|1757517|2045931|Харин ЭЗЭН, Мосед — Гараа сунган түүнийг сүүлнээс нь барь гэлээ.
13|2083901|2245704|Тэрээр гараа сунган барихад могой гарт нь таяг болов.
14|2297301|2821473|Энэ нь тэдний эцэг өвгөдийн Бурхан, Абрахамын Бурхан, Исаакийн Бурхан, Иаковын Бурхан ЭЗЭН чамд үзэгдсэнийг тэдэнд итгүүлэхийн тулд юм гэж айлдав.
16|2871042|3105081|Тэгээд ЭЗЭН цааш нь түүнд —Одоо гараа өвөртөө хий гэв.
18|3158397|3532542|Тэр өвөртөө гараа хийгээд гаргаж ирэхэд, үзэгтүн, гар нь цас шиг цагаарч уяман өвчтэй болсон байв. ЭЗЭН
19|3580302|3699108|—Гараа өвөртөө дахиад хий! гэв.
20|3752204|4095170|Тэр өвөртөө гараа дахин хийгээд, өврөөсөө гаргаж ирэхэд, үзэгтүн, гар нь бие махбод шиг нь эрүүл болсон байлаа.
21|4148442|4518706|Хэрвээ тэд чамд итгэхгүй, эхний тэмдгийн дуу хоолойг сонсохгүй бол дараагийн тэмдгийн дуу хоолойд итгэж болох юм.
22|4542079|5096416|Харин тэд энэ хоёр тэмдэгт ч үл итгэж, үгийг чинь сонсохгүй бол чи Нилээс ус авч хуурай газарт асга. Нилээс чиний авсан ус хуурай газарт цус болно гэв.
24|5244548|5786934|—Эзэн минь, өчигдөр ч, уржигдар ч, Та зарцтайгаа ярьж эхэлснээс хойш ч, ер нь би хэзээ ч уран үгтэй байгаагүй. Учир нь би үг ярианд удаан, ам хойрго
25|5811453|5911340|гэж хариулав. ЭЗЭН түүнд
27|5961526|6057796|—Хүмүүний амыг хэн бүтээсэн бэ?
28|6084124|6346342|Хүмүүнийг хэн хэлгүй эсвэл дүлий, хараатай эсвэл сохор болгодог вэ?
29|6394279|6488785|ЭЗЭН Би биш гэж үү?
30|6517847|6799999|Тиймээс одоо яв! Би амтай чинь хамт байж, юу хэлэхийг чинь чамд заана гэв.
31|6850317|7106229|Харин тэр —Өө Эзэн, Та өөр хэн нэгнийг явуулаач! гэв.
33|7155445|7337005|Тэгтэл ЭЗЭНий уур хилэн Мосегийн эсрэг бадарч
34|7382384|7826956|—Леви хүн Аарон гэдэг ах чамд байхгүй юу? Тэр хэл яриа сайтайг Би мэднэ. Үзэгтүн, тэр чамтай уулзахаар гарч ирж байна.
35|7857076|7998769|Тэр чамайг хараад зүрхэндээ баярлах болно.
36|8047412|8148753|Чи түүнтэй ярьж үгээ хэлж өг.
37|8195896|8328020|Би чиний болон түүний амтай хамт байна.
38|8354348|8489646|Юу хийхийг чинь Би та нарт заана.
39|8522016|8825953|Тэр чиний оронд ард түмэнтэй ярина. Тэр амыг чинь орлоно. Чи түүнд Бурхан шиг байна.
40|8874992|9145634|Чи энэ таягийг гартаа барьж, үүгээр тэмдгүүдийг үйлдэнэ гэж айлдав.
42|9195820|9323533|Мосе Египетэд эргэж очсон нь
43|9376409|9585576|Тэгээд Мосе тэндээс холдон, хадам эцэг Иетрогийнд буцаж очоод, түүнд
44|9633777|9917252|—Би Египетэд байгаа ах дүү нар дээрээ буцаж очоод тэдний амьд эсэхийг хармаар байгаа тул намайг явуулаач
45|9953987|10204651|гэсэнд Иетро, Мосед —Амар тайван яв даа гэж хэлэв.
47|10246635|10466694|Мидианд ЭЗЭН, Мосед —Египет уруу буцаж оч.
49|10505943|10732572|Чиний амийг эрэлхийлж байсан бүх хүн үхсэн гэж айлдав.
51|10772615|11072760|Ингээд Мосе эхнэр хөвгүүдээ авч тэдэнд илжиг унуулаад, Египет нутаг уруу буцаж явав.
52|11121138|11244353|Бурханы таягийг Мосе гартаа авлаа.
53|11292466|11903868|ЭЗЭН, Мосед —Чи Египетэд буцаж очоод, гарт чинь Миний өгсөн бүх гайхамшгийг Фараоны өмнө үйлд. Харин Би түүний зүрхийг хатууруулж, тэрээр ард түмнийг явуулахгүй.
55|11926668|12154445|Тэгэхэд чи Фараонд “ЭЗЭН «Миний ууган хөвгүүн бол Израиль.
56|12180596|12524929|Тиймээс Би чамд “Миний хүүг явуул. Тэр Надад үйлчлэг” гэсэн боловч чи түүнийг явуулахаас татгалзсан.
57|12565633|12881301|Үзэгтүн, Би чиний хүүг, ууган хөвгүүнийг чинь ална» гэж айлдаж байна” хэмээн хэл гэв.
58|12920329|13124248|Зам дахь хоноглох газарт ЭЗЭН түүнтэй уулзаад, түүнийг үхүүлэх гэв.
59|13165834|13431228|Тэгэхэд Зиппора цахиур чулуу авч, хүүгийнхээ тээрхийн арьсыг танаад Мосегийн хөлд хаяж
60|13471227|13596294|—Чи үнэхээр миний цуст хань гэж хэлэв.
61|13628708|13719421|Тэгэхэд Тэр, Мосег тавив.
62|13755627|13998310|Тэр үед Зиппора “Чи цуст хань мөн” гэж хэлсэн нь хозлолоос болсон юм.
64|14117556|14455142|—Цөлд Мосетэй уулзахаар явагтун гэв. Тэр явж, Бурханы ууланд түүнтэй уулзаад түүнийг үнсэв.
66|14483101|14811646|Мосе өөрийг нь илгээсэн ЭЗЭНий бүх үг ба өөрт нь тушаасан бүх тэмдгийг Ааронд уламжилжээ.
67|14842737|15270286|Мосе Аарон нар хамт явж, Израилийн хөвгүүдийн хамаг ахмадуудыг цуглуулаад, Мосед айлдсан ЭЗЭНий бүх үгийг Аарон ярьжээ.
68|15306360|15479055|Дараа нь тэр ард түмний өмнө тэмдгүүдийг үзүүлэв.
69|15509705|15606152|Тэгэхэд ард түмэн итгэжээ.
70|15638918|16014209|ЭЗЭН Израилийн хөвгүүдийг анхаарч, тэдний зовлон зүдүүрийг харсныг тэд сонсоод, доор бөхийн мөргөлөө.
