verse|start|end|sentence
3|335071|999217|Гэрийнхнээ дагуулж Иаковтай хамт Египетэд очсон Израилийн хөвгүүдийн нэрс нь Реубен, Симеон, Леви, Иуда, Иссахар, Зебулун, Бениамин, Дан, Нафтали, Гад, Ашер нар юм.
4|1045478|1308667|Иаковын үр удам бүгд далан хүн бөгөөд харин Иосеф Египетэд байлаа.
5|1356427|1596464|Иосеф хийгээд түүний ах дүү нар мөн тэр үеийнхэн бүгд өөд болов.
6|1640828|2020573|Гэвч Израилийн хөвгүүд үржиж, өнөржин олширч, улам хүчтэй болсоор тэд тэр газрыг дүүргэв.
8|2235076|2394365|Иосефыг мэдэхгүй шинэ хаан Египетэд гарч иржээ.
9|2431629|2490503|Тэрээр ард түмэндээ
10|2523005|2771817|—Үзэгтүн! Израилийн хөвгүүдийн ард түмэн биднээс олон бас хүчтэй боллоо.
11|2811066|2899178|Тэдэнд нарийн ухаанаар хандацгаая.
12|2934766|3363418|Тэгэхгүй бол тэд олширч, дайн гарах үед биднийг үзэн яддаг хүмүүстэй нийлэн бидний эсрэг байлдаж энэ газраас гарах болно гэв.
13|3400506|3669164|Ингээд тэднийг хүнд хүчир ажлаар туйлдуулахын тулд тэдний дээр ажил хянагчдыг тавив.
14|3712073|3912155|Тэд Фараонд зориулж Питом, Рамесес гэдэг агуулах хотуудыг барилаа.
15|3942363|4191572|Гэвч тэднийг хэдийчинээ зовоох тусам тэд төдийчинээ олширч, улам бүр тархлаа.
16|4228572|4426669|Тиймээс египетчүүд Израилийн хөвгүүдээс болж айдаст автав. 
17|4464948|4632131|Египетчүүд Израилийн хөвгүүдийг ажилд албадан шахав.
18|4666132|5225276|Тэднийг албадан шахсан хүнд хүчир ажлууд болох шавар зуурах, тоосго цохих мөн хээрийн янз бүрийн ажлаар тэдний амьдралыг египетчүүд гашуун зовлонтой болгов.
19|5266466|5550822|Дараа нь Египетийн хаан нэгийг нь Шифра, нөгөөг нь Пуа гэдэг еврей эх баригч нарт
20|5589983|5989617|—Та нар еврей эмэгтэйчүүдийг амаржихад нь эх барихдаа хүү байхыг харвал үхүүлж, харин охин байвал амьд үлдээ гэв.
21|6018238|6347136|Гэтэл эх баригч нар Бурханаас эмээж, Египетийн хааны тушааснаар эс үйлдэн, хөвгүүдийг амьд үлдээв.
22|6385062|6560007|Тиймээс Египетийн хаан эх баригч нарыг дуудаж, тэдэнд
23|6588451|6781345|—Та нар юунд ийм юм хийж хөвгүүдийг амьд үлдээв? гэв.
24|6805467|7066363|Эх баригчид Фараонд —Еврей эмэгтэйчүүд египет эмэгтэйчүүдтэй адилгүй юм.
26|7098027|7371579|Тэд хүч тэнхээтэй болохоор эх баригчийг тэдэн дээр ирэхээс өмнө төрчихсөн байх юм гэж хариулав.
27|7409196|7565972|Иймээс Бурхан эх баригчдад сайнаар ханджээ.
28|7593579|7714280|Ард түмэн олширч, маш хүчирхэг болов.
29|7752956|8148842|Эх баригчид Бурханаас эмээсэн тул Тэр тэдэнд гэр бүл бий болгож өгчээ. Тэгэхэд Фараон бүх ард түмэндээ
30|8186591|8479195|—Шинээр төрсөн хүү бүрийг та нар Нил мөрөнд хаяж, охин бүрийг амьд үлдээ гэж тушаав.
