verse|start|end|sentence
2|203653|304290|Алгасал баярыг анх удаа
3|387771|517293|Египетийн нутагт Мосе Аарон нарт ЭЗЭН
4|555527|686901|Энэ сар нь та нарт саруудын эхлэл болно.
5|723504|855672|Энэ нь та нарт жилийн тэргүүн сар байх болно.
6|892010|1011962|Израилийн даяар хотол түмэнд ингэж хэл.
7|1048036|1303155|“Энэ сарын арванд хүн бүр эцгийнхээ бүлийн дагуу өөрсдөдөө нэг хургыг ав.
8|1340243|1417638|Бүл бүр нэг хурга ав.
9|1455652|1934622|Хэрэв хурга авахад ам бүл дэндүү цөөхөн байвал хамгийн ойрхон хөрштэйгөө хамтран хүний тооны дагуу нэг хургыг аваад, хүн бүрийн идэх хэмжээгээр хургыг хуваа.
10|1970740|2282527|Та нарын төл согоггүй, нэг настай эр төл байх ёстой. Та нар түүнийгээ хонь эсвэл ямаанаас ав.
11|2317896|2634181|Уг сарын арван дөрвөн хүртэл түүнийг байлгаж, нар шингэх үед Израилийн хотол түмний чуулган даяар тэдгээрийг нядал.
12|2674841|2992537|Тэд бас цуснаас нь авч, тэрхүү хургыг идэх айлын хоёр хатавч ба тотгонд цуснаас нь нялах ёстой.
14|3028655|3307941|Тэд галд шарсан махыг нь исгээгүй талх ба гашуун ногоотой хамт тэр шөнөдөө идэх ёстой.
15|3343221|3556179|Аль ч хэсгийг нь түүхийгээр эсвэл бүхлээр нь усанд чанаж идэж болохгүй.
16|3592385|3774695|Харин толгой, гуяыг нь гэдэс дотортой нь галд шарж ид.
17|3812136|3950830|Та нар аль ч хэсгийг нь өглөө болтол үлдээж болохгүй!
18|3986110|4096316|Өглөө болоход үлдсэнийг нь галд шатаах ёстой.
19|4131199|4445676|Та нар түүнийг идэхдээ бэлхүүсээ бүсэлж, хөлдөө гуталтай, гартаа таягтай, яаравчлан ид.
20|4485190|4596410|Энэ нь ЭЗЭНий Алгасал болой.
21|4634424|4982638|Би тэр шөнө Египет орон даяар явж, Египетийн нутаг дахь уугануудыг, хүн, мал гэж ялгалгүй бүгдийг цохиж,
22|5016595|5263776|Египетийн хамаг бурхдад ял шийтгэл буулгана. Би ЭЗЭН.
24|5281901|5448599|Та нарын байгаа гэр дээрх цус нь та нарт тэмдэг болно.
25|5484672|5862698|Би Египет газрыг цохих үедээ цусыг хараад, та нарыг алгасах учир сүйрлийн ямар ч гамшиг та нар дээр буухгүй.
26|5898595|6289586|Энэ өдөр та нарын хувьд дурсгал болж, та нар үүнийг ЭЗЭНий баяр болгон үе уламжлан үүнийг үүрдийн зарлиг болгон тэмдэглэ.
27|6324777|6616234|Та нар долоо хоногийн турш исгээгүй талх идэх ёстой бөгөөд эхний өдөрт хөрөнгийг гэрээсээ зайлуул.
28|6644238|6996156|Эхний өдрөөс долоо дахь өдөр хүртэл ямар нэг исгэсэн зүйлийг идэгч аливаа хүн Израилиас таслагдах болно.
29|7017059|7168410|Эхний өдөрт болон долоо дахь өдөрт ариун цуглаан хий.
30|7203426|7450254|Энэ өдрүүдэд та нар хүн бүрийн идэх юмыг бэлдэхээс өөр ямар ч ажил бүү хий.
31|7486371|7614746|Та нар бас Исгээгүй талхны баярыг тэмдэглэ.
32|7636885|7905807|Учир нь яг энэ өдөр Би түг түмнийг чинь Египет нутгаас гаргасан юм.
33|7930723|8173626|Тиймээс та нар энэ өдрийг үе уламжлан үүрдийн зарлиг болгон тэмдэглэ.
34|8209832|8539568|Тэргүүн сард, уг сарын арван дөрөвний үдшээс хорин нэгний үдэш хүртэл та нар исгээгүй талх идэх ёстой.
35|8569644|9138049|Долоо хоногийн туршид гэрүүдээс чинь ямар ч хөрөнгө бүү олдог. Учир нь аливаа исгэсэн юмыг идэгч нь ирмэл ч бай, нутгийн уугуул ч бай тэр хүн Израилийн хотол түмнээс таслагдана.
36|9174916|9304306|Та нар исгэсэн ямар ч юмыг бүү ид.
37|9326179|9564628|Та нар оршин буй бүх газартаа исгээгүй талх ид” гэв.
38|9603480|9744909|Мосе Израилийн бүх ахмадыг дуудан тэдэнд
39|9782658|9953061|—Явж урагтаа хурга шилж аваад Алгасалд нядал.
40|9973259|10344757|Та нар багцалсан балуун авч саван доторх цусанд дүрээд, тэрхүү саван доторх цуснаас тотго ба хоёр хатавчинд түрх.
41|10380875|10560759|Өглөө болтол нэг ч хүн гэрийнхээ үүднээс гадагш бүү гар.
42|10598597|10752858|ЭЗЭН, египетчүүдийг цохихоор өнгөрөх болно.
43|10786727|11193770|Тотго ба хоёр хатавчин дахь цусыг хараад, ЭЗЭН уг үүдийг алгасаж та нарыг цохихоор гэрт чинь орохыг устгагчид зөвшөөрөхгүй.
44|11230285|11509085|Та нар энэ үйл явдлыг өөртөө болон үр хүүхдүүддээ зарлиг болгон үүрд тэмдэглэ.
45|11546923|11822328|ЭЗЭН айлдсан ёсоороо та нарт өгөх тэр газар уруу орох үедээ та нар энэ ёслолыг тэмдэглэ. 
46|11862591|12052177|Хүүхдүүд чинь “Энэ ёслол ямар учиртай юм бэ?” гэж хэлэх үед та нар
47|12080754|12768537|“Энэ нь ЭЗЭНий Алгасалын тахил юм. Учир нь Тэрээр Египетэд байгаа Израилийн хөвгүүдийн гэрийг алгасаж египетчүүдийг цохин харин бидний гэр орныг аварсан” гэж хэл хэмээсэнд, ард түмэн доор бөхийн мөргөв.
48|12805625|13070005|Израилийн хөвгүүд явж, Мосе Аарон нарт ЭЗЭНий тушаасан ёсоор үйлдсэн билээ.
49|13106475|13273967|Арав дахь гамшиг: Уугануудын үхэл
51|13313040|13621519|Шөнө дөлөөр, сэнтийдээ залрагч Фараоны ууган хүүгээс эхлээд гянданд хоригдогчийн ууган хүүг хүртэл
52|13652522|13918268|мөн малын бүх ууган төл, Египет газар дахь ууган бүгдийг ЭЗЭН цохилоо.
53|13953592|14394813|Тэр шөнө Фараон хийгээд бүх албат нь, бүх египетчүүд боссон бөгөөд Египетэд асар их уйлаан майлаан боллоо.
55|14421802|14639436|Учир нь үхэл хагацал нүүрлээгүй нэг ч айл тэнд байсангүй.
56|14677009|14820113|Шөнө нь Мосе Аарон нарыг Фараон дуудаж
57|14856716|15050889|— Та нар болон Израилийн хөвгүүд босож, миний ард түмний дундаас зайл!
58|15086742|15198932|Та нар хэлснээрээ явж, ЭЗЭНд үйлчил!
59|15233463|15342786|Та нар хэлснээрээ хонь, үхрээ аваад яв!
60|15364043|15496431|Тэгээд намайг бас ерөөгөөч гэв.
61|15561258|15708684|Гэтлэл: Рамесесаас Суккот хүрэв
62|15749697|16048431|Египетчүүд —Бид бүгд үхэх нь гээд, ард түмнийг нутгаасаа бушуухан гаргах гэж шавдуулав.
64|16083534|16320880|Тиймээс ард түмэн исгээгүй зуурсан гурил хийсэн саваа хувцсандаа боогоод мөрлөв.
65|16357439|16680780|Израилийн хөвгүүд Мосегийн үгээр үйлдэж, египетчүүдээс мөнгөн эдлэл, алтан эдлэл болон хувцас нэхжээ.
66|16718839|17059732|ЭЗЭН, египетчүүдийн нүдний өмнө ард түмнээ таалан соёрхсонд тэдний нэхсэнийг египетчүүд зөвшөөрчээ.
67|17093997|17240630|Тийнхүү тэд египетчүүдийг цөлбөсөн билээ.
68|17277498|17594929|Израилийн хөвгүүд Рамесесаас Суккотод хүрэхэд хүүхдүүдээс гадна зургаан зуун мянга орчим явган эрчүүд байлаа.
69|17631091|17911170|Тэдэнтэй хамт үй олон холилдсон хүмүүс, хонь, үхэр, асар олон тооны мал сүрэг гарав.
70|17949008|18151780|Тэд Египетээс авч гарсан, зуурсан гурилаараа исгээгүй бин хийжээ.
71|18172066|18526145|Учир нь тэд Египетээс хөөгдөн гарч, саатах боломжгүй байсан бөгөөд өөрсдөдөө ямар ч замын хүнс бэлтгэж чадаагүй юм.
72|18562792|18797492|Израилийн хөвгүүд Египетэд нутагласнаас хойш дөрвөн зуун гучин жил болжээ.
73|18834801|19169608|Дөрвөн зуун гучин жилийн эцэст, яг энэ өдөр ЭЗЭНий хамаг түг түмэн Египет нутгаас гарав.
74|19207314|19450746|Египет нутгаас тэднийг гаргахын тулд ЭЗЭНий сахиж хоносон шөнө энэ юм.
75|19486555|19817922|Энэ нь Израилийн хөвгүүн бүхний сахиж хонох, үе уламжлан бэлэгшээх ЭЗЭНд зориулагдсан шөнө юм.
76|19854172|19944533|Алгасал баярын заавар
77|19980342|20206134|ЭЗЭН, Мосе Аарон нарт —Алгасалын зарлиг ийм байна.
79|20226773|20345976|Ямар ч гаднын хүн үүнээс идэж болохгүй.
80|20376537|20621336|Харин мөнгөөр худалдаж авсан боол бүр хозлуулсныхаа дараа үүнээс идэж болно.
81|20654411|20808055|Түр суугч эсвэл хөлсний хүн үүнээс идэж болохгүй.
82|20844085|20963905|Үүнийг нэг гэр дотор идэх ёстой.
83|20999538|21299726|Та нар махнаас нь ямар ч хэсгийг гэрээс гадагш гаргаж болохгүй, ямар ч ясыг нь хугалж болохгүй.
84|21330861|21488959|Израилийн даяар хотол түмэн үүнийг үйлдэх ёстой.
85|21526753|21977896|Хэрэв та нартай хамт байгаа ирмэл хүн Алгасалыг ЭЗЭНд тэмдэглэхийг хүсвэл бүх эр хүйстэн нь хозлуулсныхаа дараа л үүнийг үйлдэхээр ойртог.
86|22010177|22141595|Тэр хүн уугуул нутгийнхантай адил болно.
87|22175817|22323375|Харин хозлуулаагүй ямар ч хүн үүнээс идэж болохгүй.
88|22359405|22646893|Уугуул нутгийнханд ч, та нарын дунд суугаа ирмэлд ч нэг л хууль байг гэж айлдав.
89|22685701|22933587|Израилийн бүх хөвгүүд Мосе Аарон нарт ЭЗЭНий тушаасан ёсоор үйлдэв. 
90|22970014|23307732|Яг тэр өдөр ЭЗЭН, Израилийн хөвгүүдийг цэргийн бүлгүүдийнх нь дагуу Египет нутгаас гаргав.
