verse|start|end|sentence
2|192584|264996|Мосегийн дуу
3|312669|511736|Тэгээд Мосе ба Израилийн хөвгүүд ЭЗЭНд энэ дууг дуулжээ.
4|574667|924424|—ЭЗЭНдээ дуулнам би. Хүлэг морийг унаачтай нь далайд Тэр хаяж Үлэмж өргөмжлөлийг Өөртөө Тэр авчээ.
5|986208|1232418|Миний хүч, Миний магтуу болсон ЭЗЭН минь Миний аврал болсон билээ, Та.
6|1252131|1570709|Тэр бол миний Бурхан, Түүнийг магтнам, би. Эцгийн минь Бурхан, Түүнийг бас өргөмжилнө, би.
8|1606122|1765499|ЭЗЭН бол дайчин, Түүний нэр ЭЗЭН билээ.
9|1808011|2008049|Фараоны зэвсэгт тэргийг цэрэгтэй нь далайд хаягч нь Тэр билээ.
10|2051664|2211570|Шилдэг дарга нар нь бас Улаан тэнгист живсэн юм.
11|2251172|2463426|Их ус тэднийг бүрхсэн юм. Гүн уруу тэд чулуу мэт живэн одсон юм.
12|2500558|2909056|Аяа, ЭЗЭН, баруун мутар тань юутай хүчтэй. Аяа, ЭЗЭН, баруун мутар тань дайсныг нам даржээ.
13|2946276|3258152|Агуу их сүр жавхлан тань тэрслэгчдийг дарав. Асгарах хилэнгийн тань цогонд тэд сүрэл мэт шатав.
14|3304236|3679748|Хамрын тань амьсгал усыг бөөгнөрүүлж, Овоо мэт болсон давалгаа урсахаа умартан, Оёоргүй гүн далайд өтгөрөв.
15|3724377|4308614|“Хөөж бариад, олзоо хуваая. Хүсэл бахаа тэднээр хангая. Сэлэм юугаа сугалъя, сөнөг тэд бидний гарт” гэж дайсан сайрхахад Салхиа Та үлээн, далайг тэдэнд нөмөргөв.
16|4332251|4447176|Их усанд тэд тугалга мэт живэв.
17|4501110|4917591|Аяа, ЭЗЭН, бурхдаас хэн нь Тан лугаа адил Ариун нь үлэмжийн, Алдар нь аймшигт, Үйлс нь гайхамшигтай вэ?
18|4961867|5435589|Баруун мутраа Та сунгасанд газар тэднийг залгив. Бат хайр тань биднийгээ авран хөтлөв. Хүч чадал тань биднийгээ ариун гэрт тань авч ирэв.
19|5479689|6022031|Донсолж байна, сонссон ард түмнүүд, Айж байна, филистчүүд. Едомын тэргүүлэгчид түгшиж Моабын удирдагчдыг дагжил нөмөрч Канааны суугч бүгд мохож байна.
20|6064191|6226038|Айдас хүйдэс, аймшигт цочрол тэднийг нөмөрчээ.
21|6248264|6741390|Аяа, ЭЗЭН, ард түмэн тань дайран өнгөртөл Зольсон ард түмэн тань дайран өнгөртөл Таны мутрын агуу хүч тэднийг чулуу мэт чимээгүй байлгана.
22|6774597|6945573|Та тэднийг авчран Өөрийн өв болох ууланд тарина.
23|6973885|7183140|Аяа, ЭЗЭН, энэ бол Та Өөрөө суухаар бэлтгэсэн газар билээ.
24|7206954|7596048|Аяа, Эзэн, энэ бол Та Өөрийн гараараа байгуулсан ариун газар билээ. ЭЗЭН үүрд мөнх хаанчилна.
25|7643015|7983334|Фараоны морь, тэрэгт цэрэг ба морин цэргүүд нь далай уруу ороход, ЭЗЭН тэдний дээр далайн усыг эргүүлж буулгав.
26|8002430|8213316|Харин Израилийн хөвгүүд далай дундуур хуурай газраар гарав.
28|8371150|8687744|Аароны эгч, эш үзүүлэгч Мириам гартаа хэнгэрэг авахад эмэгтэйчүүд бүгд түүнийг даган хэнгэрэг авч бүжиглэв.
29|8709132|8937306|Мириам тэдэнд дуулан —ЭЗЭНд дуулъя! Тэр өндөрт өргөмжлөгдлөө.
30|8978010|9157938|Хүлэг морийг унаачтай нь далайд Тэр хаялаа гэв.
31|9204728|9308451|Гашуун усыг амтлаг болгов
32|9352110|9606788|Мосе израильчуудыг удирдаж, тэд Улаан тэнгисээс Шурын цөл уруу оров.
34|9648639|9800607|Тэд цөлөөр гурван өдөр явсан бөгөөд ус олсонгүй.
35|9828699|9965144|Марад ирээд тэд Марагийн усыг ууж чадсангүй.
36|10006466|10287295|Учир нь ус шорвог байв. Тийм учраас энэ газар Мара гэж нэрлэгджээ.
38|10319532|10403983|Ард түмэн Мосед гонгинолдон
39|10429164|10710787|—Бид юу уух вэ? гэцгээв. Мосе ЭЗЭНд хашхирсанд ЭЗЭН түүнд нэг модыг үзүүлэв.
41|10760841|10906018|Тэр түүнийг усанд хаясанд ус амтлаг болов.
42|10947428|11164929|Тэнд Тэр тэдний төлөө зарлиг, шийдвэрийг өгч, тэднийг сорив. Тэр
43|11208235|11658011|—Хэрэв та нар Бурхан ЭЗЭНийхээ дуу хоолойг анхааралтай сонсож, Түүний мэлмийд зөв зүйтэйг үйлдэж, Түүний тушаалуудад чих тавьж, бүх зарлигийг нь сахивал
44|11689983|11901796|Би египетчүүдэд буулгасан өвчнүүдээс нэгийг нь ч та нарт буулгахгүй.
45|11946822|12128690|Учир нь ЭЗЭН Би та нарыг эдгээгч билээ гэв.
46|12172085|12558268|Тэд Елимд ирэхэд тэнд усны арван хоёр ундарга, далан далдуу мод байсан бөгөөд тэнд усны дэргэд тэд буудаллав.
