verse|start|end|sentence
2|193863|244534|Арван тушаал
3|276727|403426|Бурхан энэ бүх үгийг айлдан хэлжээ.
4|435575|716977|—Чамайг Египетийн газраас, боолчлолын гэрээс гаргасан Би ЭЗЭН, чиний Бурхан.
5|747362|1368334|Чи Надаас өөр бурхадтай Миний өмнө байж болохгүй. Өөртөө зориулан шүтээн бас дээр тэнгэр дэх, доор газар дахь, газрын доор усан дахь ямар нэг дүрсийг бүү хий.
6|1399337|1576751|Тэдэнд чи бүү мөргө, бүү үйлчил. Учир нь
7|1595052|2100571|иний Бурхан ЭЗЭН хартай Бурхан бөгөөд Намайг үзэн ядагчдын хувьд эцгүүдийнх нь хилэнцийн шийтгэлийг гурав, дөрөв дэх үеийн хүүхдүүдэд нь хүртэл Би буулгадаг.
8|2130206|2473083|Харин Намайг хайрлаж, Миний тушаалыг сахигчдад мянган үед нь хүртэл хайр энэрэлээ үзүүлдэг.
9|2520315|2940058|Чи Бурхан ЭЗЭНийхээ нэрийг хуурмаг хоосонд бүү дурд. Учир нь нэрийг нь хуурмаг хоосонд дурдагчийг ЭЗЭН шийтгэлгүй эс орхино.
10|2975162|3098686|Амралтын өдрийг санаж үүнийг ариунаар сахь.
11|3127924|3548462|Чи зургаан өдөр хөдөлмөрлөж бүх ажилаа хий. Харин долоо дахь өдөр нь Бурхан ЭЗЭНий чинь Амралт тул чи ямар ч ажил бүү хий.
12|3586300|3949199|Чи, чиний хүү, чиний охин, чиний зарц, чиний шивэгчин, чиний мал бас танайд байгаа ирмэл хүн ч мөн адил.
13|3988668|4404840|Учир нь зургаан өдөрт ЭЗЭН тэнгэр, газар, далай болон тэдгээрийн дотор байгч бүгдийг бүтээж, долоо дахь өдөрт амарсан.
14|4442589|4647390|Тиймээс Амралтын өдрийг ЭЗЭН ерөөн тэр өдрийг ариун болгосон юм.
15|4686154|4947667|Эцэг эхээ хүндэл. Тэгвэл Бурхан ЭЗЭНээс чинь чамд өгсөн газар дээр чи урт насална.
16|4975891|5239300|Чи хүн бүү ал. Чи бүү завхайр. Чи бүү хулгайл.
19|5280710|5454420|Чи хөршийнхөө эсрэг худал хуурмаг гэрчлэл бүү хий.
20|5493581|5612166|Чи хөршийнхөө гэр оронд бүү шуна.
21|5634260|6032924|Чи хөршийнхөө эхнэрт бүү санаарх, хөршийнхөө зарц, шивэгчин, үхэр, илжгэнд нь, хөршийнхөө юунд нь ч бүү шунахайр гэв.
22|6074113|6577956|Бүх ард түмэн тэнгэрийн дуу, аянгын гялбаа, эвэр бүрээн дууг мэдрэн, утаа нүүгэлтсэн уулыг харангуутаа айн дагжиж, алсад зогссоор байв.
23|6610104|7034523|Мосед тэд —Та бидэнтэй яриач. Бид сонсъё. Харин Бурхан бидэнтэй бүү яриг. Эс тэгвэл бид үхнэ гэв. Мосе ард түмэнд
25|7072581|7284393|—Бүү ай. Учир нь Бурхан та нарыг зөвхөн шалгахын тулд ирсэн.
27|7311559|7594019|Мөн Түүнээс эмээхүй нь та нарт байж та нарыг нүгэл бүү үйлдээсэй гэсэндээ ирсэн юм гэв.
29|7634459|7916346|Бурханы байгаа түнэр харанхуйд Мосег ойртон очих үед ард түмэн хол зогсож байв.
30|7954846|8041017|Тахилын ширээний хууль
31|8070520|8258783|ЭЗЭН, Мосед —Чи Израилийн хөвгүүдэд ингэж хэл.
33|8300281|8461775|“Намайг тэнгэрээс та нартай ярихыг та нар өөрсдөө харлаа.
34|8500627|8848179|Та нар Надтай зэрэгцүүлэн өөр бурхдыг бүү хий. Мөнгөн бурхад эсвэл алтан бурхдыг өөрсдөдөө зориулж бүү хий.
35|8872082|9277846|Та нар Надад зориулан шороогоор тахилын ширээ босгож, дээр нь шатаалт тахил ба эвийн тахилаа хонь ба үхрүүдээ өргө.
36|9316389|9816439|Би нэрээ сануулах газар бүрд та нар дээр очиж, та нарыг ерөөнө. Хэрэв та нар Надад зориулан чулуугаар тахилын ширээ хийх гэвэл цавчиж зассан чулуугаар бүү өр.
37|9834608|10040732|Учир нь та нар чулуунд багаж хүргэснээр Түүний ариуныг алдагдуулна.
38|10079540|10449671|Та нар Миний тахилын ширээ өөд шатаар авирч бүү гар. Энэ нь нүцгэн бие чинь түүн дээр үзэгдэхгүй байхын тулд юм.
