verse|start|end|sentence
2|176885|223101|Эвийн тахил
3|267157|832211|Хэрэв түүний өргөл нь эвийн тахилын нядлах тахил байх аваас, хэрэв тэр хүн үүнийгээ бод малын сүргээс өргөх гэж байгаа бол эр ч бай эм ч бай согоггүй мал ЭЗЭНий өмнө өргөх ёстой.
4|859905|1267169|Тэр хүн гараа тахилынхаа толгой дээр тавьж, уулзалтын майхны үүдэнд нядлахад, тахилч болох Аароны хөвгүүд цусыг нь тахилын ширээг тойруулан цацна.
5|1300464|1535738|Тэрээр эвийн тахилаас ЭЗЭНд галан тахил болгон сэмж, бүх дотор өөхийг,
6|1546542|1833810|хоёр бөөрийг ууц дагуух өөхтэй нь, өнчин элгийг бөөртэй хамт салган эдгээрийг өргөг.
7|1860799|2304225|Аароны хөвгүүд үүнийг тахилын ширээн дээрх галын түлээн дээр буй шатаалт тахилын дээр шатаах бөгөөд энэ нь ЭЗЭНд тааламжит үнэрт галан тахил юм.
8|2332845|2727893|Хэрэв ЭЗЭНд өргөх эвийн тахил нь бог малан өргөл байх аваас эр, эм аль нь ч бай согоггүй малыг тэр хүн өргөг.
9|2756779|3042238|Хэрэв тахилын өргөл болгон хурга өргөх гэж байгаа аваас тэр үүнийгээ ЭЗЭНий өмнө авчраг.
11|3065655|3271823|Тэр хүн гараа тахилынхаа толгой дээр тавьж, уулзалтын майхны өмнө нядлаг. 
12|3295460|3431288|Аароны хөвгүүд цусыг нь тахилын ширээг тойруулан цацаг.
14|3477373|4301866|Тэр хүн эвийн тахилаас ЭЗЭНд өргөх галан тахил болгон өөхийг нь, үүнээс харцагаар нь салгаад ууц сүүлний өөхийг бүхэлд нь, сэмж, бүх дотор өөхийг, хоёр бөөрийг ууц дагуух өөхтэй нь хамт, өнчин элгийг бөөртэй хамт салгаж эдгээрийгээ өргөг.
15|4325636|4557867|Тахилч үүнийг ЭЗЭНд галан тахилын хүнс болгон тахилын ширээн дээр шатаана.
16|4588296|4820174|Хэрэв тахилын өргөл нь ямаа байх аваас тэр хүн үүнийг ЭЗЭНий өмнө авчраг.
17|4844737|5055888|Тэрээр гараа толгой дээр нь тавин, үүнийг уулзалтын майхны өмнө нядлаг.
18|5077188|5239829|Аароны хөвгүүд цусыг нь тахилын ширээг тойруулан цацаг.
19|5263379|5847704|Үүнээс тэр өөрийн тахилын өргөлд ЭЗЭНд галан тахил болгон сэмж, бүх дотор өөхийг, хоёр бөөрийг ууц дагуух өөхтэй нь хамт, өнчин элгийг бөөртэй хамт салган эдгээрийг өргөг.
20|5891230|6221451|Тахилч эдгээрийг тахилын ширээн дээр шатаах бөгөөд энэ нь тааламжит үнэрт галаар өргөх хүнсэн тахил болой.
21|6253115|6345284|Бүх өөх ЭЗЭНийх болой.
22|6367687|6626642|Энэ нь амьдрах газар бүрд чинь хамаг үеийнхэнд чинь улиран үргэлжлэх зарлиг болой.
23|6652881|6931770|Та нар аливаа өөх болон аливаа цус бүү ид” гэж тэдэнд хэл гэлээ.
