verse|start|end|sentence
2|203918|263056|Нүглийн тахил
3|310067|379568|ЭЗЭН, Мосед айлдахдаа
4|423712|742202|Израилийн хөвгүүдэд “ЭЗЭНий хийхийг хориглосон зүйлээс хүн аль нэгийг нь хийж, санамсаргүй нүгэл үйлдэх аваас,
6|762930|829212|хэрэв тослогдсон тахилч
7|838517|1251469|ард түмнийг ялд унагаж нүгэл үйлдэх аваас тэр хүн үйлдсэн нүгэлдээ залуу, согоггүй бухыг нүглийн тахил болгон ЭЗЭНд өргөг.
8|1280884|1650310|Тэрээр бухыг уулзалтын майхны үүдэнд ЭЗЭНий өмнө авчраад, гараа бухын толгой дээр тавьж, үүнийг ЭЗЭНий өмнө нядлаг.
9|1682944|1919628|Тослогдсон тахилч бухын цуснаас аваад, үүнийгээ уулзалтын майханд авчраг.
10|1958525|2073890|Тахилч цусанд хуруугаа дүрэн ЭЗЭНий өмнө,
11|2086812|2269606|ариун газрын хөшигний өмнө цуснаас долоон удаа цацах бөлгөө.
12|2296551|2386206|Тахилч бас уулзалтын майханд
13|2398643|2605075|ЭЗЭНий өмнө буй анхилуун утлагат тахилын ширээний эврүүд дээр хэсэг цусыг нялж,
14|2621039|2873026|уулзалтын майхны үүдэнд байгаа шатаалт тахилын ширээний суурь уруу бухын бүх цусыг асгана.
15|2921492|3369240|Нүглийн тахилд тэр үүнээс бухын бүх өөхийг нь буюу сэмж, бүх дотор өөхийг, хоёр бөөрийг ууц дагуух өөхтэй нь хамт, өнчин элгийг бөөртэй хамт,
16|3395876|3541803|эвийн тахилын үхрээс салгасан тэр ёсоор салгана.
17|3575495|3748544|Тахилч эдгээрийг шатаалт тахилын ширээн дээр шатаах бөлгөө.
18|3776327|4339616|Харин бухын арьс болон бүх махыг нь толгой, мөч, гэдэс дотор, сэвс буюу бухыг бүхэлд нь тэрээр хуарангийн гадаа үнс асгадаг цэвэр газарт аваачиж, модон дээр галдан шатааг.
19|4369869|4483117|Үүнийг үнс асгадаг газарт шатааг.
20|4518486|4792567|Хэрэв Израилийн даяар хотол түмэн санамсаргүй алдаж, уг хэрэг чуулганд анзаарагдахгүй өнгөрөх буюу
22|4808399|5057343|ЭЗЭНий хийх ёсгүй хэмээн тушаасан аливаа зүйлийг хийснээр тэд ялтай болох аваас
23|5072426|5335791|тэдний үйлдсэн нүгэл мэдэгдэх үед чуулган нүглийн тахилд зориулан залуу бух өргөг.
24|5358502|5450583|Үүнийг уулзалтын майхны өмнө авчрах бөлгөө.
25|5474133|5781157|Хотол түмний ахмадууд ЭЗЭНий өмнө, бухын толгой дээр гараа тавиад, уг бухыг ЭЗЭНий өмнө нядлаг.
26|5808940|6019164|Тэгээд тослогдсон тахилч бухын цуснаас уулзалтын майханд авчирна.
27|6036584|6262332|Тахилч цусанд хуруугаа дүрэн ЭЗЭНий өмнө, хөшигний өмнө долоон удаа цацна.
28|6290335|6530680|Тэрээр хэсэг цусыг уулзалтын майханд ЭЗЭНий өмнө буй тахилын ширээний эврүүд дээр нялна.
29|6555641|6803439|Бүх цусыг тэр уулзалтын майхны үүдэн дэх шатаалт тахилын ширээний суурь уруу асгана.
30|6832589|7074345|Тэр мөнөөх бухаас бүх өөхийг нь салган тахилын ширээн дээр шатаан уугиулна.
31|7104818|7262829|Нүглийн тахилын буханд хийсэнчлэн уг буханд мөн тэгж хийнэ.
32|7287039|7384148|Үүнийг яг тэр ёсоор нь түүнд хийнэ.
33|7410255|7617172|Тахилч ийнхүү тэдэнд эвлэрүүллийг хийж, тэд уучлагдах болно.
34|7642397|7887240|Тэгээд тэр бухыг хуарангийн гадна аваачиж эхний бухыг шатаасантай адил шатаана.
35|7900073|8044104|Энэ нь чуулганд зориулсан нүглийн тахил юм.
36|8073475|8399197|Удирдагч нүгэл үйлдэж, ЭЗЭН Бурханы хийхийг хориглосон бүх зүйлээс санамсаргүй үйлдэн ялтай болох аваас
37|8420365|8728007|хэрэв үйлдсэн нүглийг нь түүнд мэдүүлбэл, тэрээр согоггүй ухныг тахилдаа зориулан авчрах ёстой.
38|8758833|9064887|Тэрээр ухнын толгой дээр гараа тавьж, шатаалт тахилыг нядалдаг газарт ЭЗЭНий өмнө үүнийг нядална.
39|9081733|9152602|Энэ нь нүглийн тахил юм. 
40|9184045|9650226|Тэгээд нүглийн тахилын цуснаас тахилч хуруугаараа авч, шатаалт тахилын ширээний эврүүд дээр нялан, бусад цусыг нь шатаалт тахилын ширээний суурь уруу асгах ёстой.
41|9690357|9935244|Бүх өөхийг нь тэрээр эвийн тахилуудын өөхний адил тахилын ширээн дээр шатааг.
42|9963998|10195655|Ийнхүү тахилч түүнд нүглийнх нь эвлэрүүллийг хийх бөгөөд тэр уучлагдах болно.
43|10226922|10602786|ЭЗЭН тушаалаараа хориглосон зүйлсийн аль нэгийг жирийн хүмүүний нэг нь санамсаргүй хийснээрээ нүгэл үйлдэн ялтай болох аваас 
44|10618045|10747522|хэрэв үйлдсэн нүглийг нь уг хүнд мэдүүлбэл,
45|10758856|11002553|тэрээр үйлдсэн нүглийнхээ тахилд зориулан согоггүй эм ямааг авчрах болой.
46|11035628|11175336|Тэр хүн нүглийн тахилын толгой дээр гараа тавьж,
47|11185038|11341197|уг нүглийн тахилыг шатаалт тахилын байранд нядална.
48|11387325|11647074|Тахилч түүний цуснаас хэсгийг хуруугаараа авч, шатаалт тахилын ширээний эврүүд дээр нялан,
49|11657085|11824047|бусад бүх цусыг нь тахилын ширээний суурь уруу асгах болой.
50|11853550|12031053|Эвийн тахилын өөхийг салгасантай адил бүх өөхийг нь салгаг.
51|12065451|12269943|Тахилч үүнийг тахилын ширээн дээр ЭЗЭНд тааламжит үнэр болгон шатааг.
52|12304958|12475008|Ийнхүү тахилч түүнд эвлэрүүллийг хийж тэр уучлагдах болно.
53|12510640|12830850|Тэрээр хургыг өөрийн тахилын өргөл болгон нүглийн тахилд авчрах аваас согоггүй эм хурга авчрах ёстой.
54|12856781|13224928|Тэр нүглийн тахилын толгой дээр гараа тавьж, үүнийг шатаалт тахил нядалдаг газарт нүглийн тахилд зориулан нядлах болно.
55|13258753|13695166|Тахилч нүглийн тахилын цуснаас хуруугаараа авч, шатаалт тахилын ширээний эврүүд дээр нялаад, бусад бүх цусыг тахилын ширээний суурь уруу асгана.
56|13737414|13977230|Тэгээд тэр бүх өөхийг нь эвийн тахилын хурганы өөхийг салгасантай адил салгах бөгөөд
57|13987858|14236582|тахилч эдгээрийг тахилын ширээн дээр, галан тахилууд дээр ЭЗЭНд шатаан уугиулна.
58|14270010|14525834|Ийнхүү тахилч үйлдсэн нүглийнх нь эвлэрүүллийг түүнд хийж тэрээр уучлагдах болно.
